Player;Shot;Type;Stroke;Spin;Speed (KM/H);Point;Game;Set;Bounce Depth;Bounce Zone;Bounce Side;Bounce (x);Bounce (y);Hit Depth;Hit Zone;Hit Side;Hit (x);Hit (y);Hit (z);Direction;Result;Favorited;Start Time;Video Time
Rasmus Kopperud Riis;1;first_serve;Serve;Slice;118,37133;1;1;1;short;deuce;far;-1,902509;18,286781;deep;deuce;near;0,926758;0,445376;2,341797;down the T;In;false;07:19:07;
Rikard Rykkvin;2;first_return;Forehand;Topspin;48,330826;1;1;1;short;deuce;far;-0,437988;17,269297;out;deuce;far;-2,707031;24,708591;1,507812;cross court;Net;false;07:19:08;
Rasmus Kopperud Riis;1;first_serve;Serve;Flat;106,7015;2;1;1;short;ad;far;1,605076;16,816118;deep;ad;near;-0,203247;0,699658;2,425781;down the T;In;false;07:19:30;
Rikard Rykkvin;2;first_return;Forehand;Flat;60,439438;2;1;1;short;deuce;far;-1,112305;11,898438;out;ad;far;2,457031;25,630466;0,946289;inside in;Net;false;07:19:31;
Rasmus Kopperud Riis;1;first_serve;Serve;Flat;90,902115;3;1;1;deep;deuce;far;-0,639107;18,297428;deep;deuce;near;1,111328;0,590283;2,425781;down the T;Out;false;07:19:45;
Rikard Rykkvin;2;first_return;Backhand;Slice;48,327435;3;1;1;deep;ad;near;-0,68638;5,171618;out;deuce;far;-0,295654;24,614841;1,392578;inside in;In;false;07:19:46;
Rasmus Kopperud Riis;3;serve_plus_one;Forehand;Topspin;88,017448;3;1;1;deep;ad;far;1,654411;20,574543;deep;ad;near;-0,980469;1,33247;1,064453;inside out;In;false;07:19:49;
Rikard Rykkvin;4;return_plus_one;Backhand;Flat;53,044971;3;1;1;short;ad;near;-0,777344;10,257812;deep;ad;far;2,087891;23,724216;1,208984;cross court;In;false;07:19:50;
Rasmus Kopperud Riis;5;in_play;Volley;Flat;30,662121;3;1;1;short;ad;far;1,631836;18,28125;short;ad;near;-0,777344;10,129345;1,568359;cross court;In;false;07:19:51;
Rikard Rykkvin;0;none;Feed;Flat;37,630787;4;1;1;deep;deuce;near;1,237305;0,671875;short;ad;far;1,694336;14,050184;0,586426;---;In;false;07:20:10;
Rasmus Kopperud Riis;1;first_serve;Serve;Flat;117,881523;4;1;1;deep;ad;far;1,61542;21,763067;deep;ad;near;0,102234;0,643461;2,337891;down the T;Out;false;07:20:24;
Rikard Rykkvin;2;first_return;Forehand;Topspin;57,202023;4;1;1;deep;ad;near;-0,838217;1,649422;out;ad;far;1,889648;25,021091;1,457031;inside out;In;false;07:20:25;
Rasmus Kopperud Riis;3;serve_plus_one;Forehand;Flat;103,45649;4;1;1;deep;deuce;far;-3,077058;23,697535;out;ad;near;-1,201172;-2,894092;1,521484;inside in;In;false;07:20:28;
Rikard Rykkvin;4;return_plus_one;Forehand;Flat;43,548161;4;1;1;short;deuce_alley;far;-4,150464;18,235626;out;deuce;far;-2,898438;25,333591;1,296875;down the line;Net;false;07:20:29;
Rasmus Kopperud Riis;1;first_serve;Serve;Slice;87,756271;5;1;1;short;deuce;far;-3,710163;18,20639;deep;deuce;near;0,22876;0,699658;2,523438;out wide;In;false;07:20:50;
Rikard Rykkvin;2;first_return;Forehand;Topspin;57,946079;5;1;1;deep;deuce_alley;near;5,465295;4,892823;out;deuce_alley;far;-4,941406;25,739841;0,891113;cross court;Out;false;07:20:51;
Rasmus Kopperud Riis;3;serve_plus_one;Forehand;Topspin;68,624489;5;1;1;deep;deuce;far;-0,236877;20,658152;out;deuce_alley;near;5,34375;-1,151905;1,268555;down the line;In;false;07:20:53;
Rikard Rykkvin;1;first_serve;Serve;Flat;47,95002;6;2;1;short;deuce;near;2,291016;6,791255;deep;deuce;near;1,03125;0,574658;2,578125;out wide;Net;false;07:21:39;
Rikard Rykkvin;1;second_serve;Serve;Slice;91,776917;6;2;1;short;deuce;far;-2,426076;18,191683;deep;deuce;near;1,020508;0,543408;2,439453;out wide;In;false;07:21:46;
Rasmus Kopperud Riis;2;second_return;Forehand;Topspin;79,51004;6;2;1;deep;deuce;near;2,15722;4,719848;out;deuce;far;-3,914062;25,630466;1,155273;cross court;In;false;07:21:47;
Rikard Rykkvin;3;serve_plus_one;Forehand;Flat;96,178856;6;2;1;short;center_line;far;0,008556;17,810249;deep;deuce;near;2,332031;0,83247;1,302734;down the line;In;false;07:21:49;
Rasmus Kopperud Riis;4;return_plus_one;Forehand;Topspin;75,195541;6;2;1;deep;ad;near;-1,317538;4,311889;deep;deuce;far;-0,753906;24,239841;1,333984;down the line;In;false;07:21:50;
Rikard Rykkvin;5;in_play;Backhand;Topspin;74,774483;6;2;1;short;ad;far;1,103357;18,164858;out;ad;near;-1,518555;-0,79253;1,140625;cross court;In;false;07:21:51;
Rasmus Kopperud Riis;6;in_play;Forehand;Flat;77,88398;6;2;1;deep;deuce;near;4,08286;3,966591;deep;ad;far;1,753906;23,817966;1,347656;inside in;In;false;07:21:53;
Rikard Rykkvin;7;in_play;Forehand;Flat;53,679733;6;2;1;deep;ad;far;0,985269;20,673973;out;deuce;near;3,394531;-0,472217;1,609375;down the line;In;false;07:21:55;
Rasmus Kopperud Riis;8;in_play;Forehand;Flat;104,709763;6;2;1;deep;ad_alley;near;-4,426105;1,883748;deep;ad;far;0,67041;22,583591;1,705078;inside in;Out;false;07:21:57;
Rasmus Kopperud Riis;0;none;Forehand;Topspin;73,385513;7;2;1;out;ad;near;-1,83699;-1,34746;deep;ad;far;2,830078;23,739841;1,103516;inside out;Out;false;07:22:22;
Rikard Rykkvin;1;first_serve;Serve;Slice;93,427475;8;2;1;short;deuce;far;-1,351011;18,247133;deep;deuce;near;1,148438;0,105908;2,585938;down the T;In;false;07:22:39;
Rasmus Kopperud Riis;2;first_return;Forehand;Topspin;59,491062;8;2;1;deep;deuce;near;1,389927;5,482185;deep;deuce;far;-3,007812;24,333591;1,060547;cross court;In;false;07:22:40;
Rikard Rykkvin;3;serve_plus_one;Forehand;Topspin;85,866203;8;2;1;deep;deuce;far;-0,001633;21,03125;out;deuce;near;1,541992;-0,714405;0,87207;cross court;In;false;07:22:42;
Rasmus Kopperud Riis;4;return_plus_one;Forehand;Topspin;73,272255;8;2;1;short;ad;near;-2,241738;7,053485;out;deuce;far;-0,388672;25,052341;1,072266;down the line;In;false;07:22:44;
Rikard Rykkvin;5;in_play;Backhand;Flat;59,926807;8;2;1;short;ad;far;0,942688;18,232548;deep;ad;near;-2,902344;0,004345;0,794922;cross court;In;false;07:22:45;
Rasmus Kopperud Riis;6;in_play;Forehand;Flat;106,307739;8;2;1;deep;ad;near;-2,628552;3,321173;out;ad;far;2,087891;24,427341;1,364258;inside out;In;false;07:22:48;
Rikard Rykkvin;7;in_play;Backhand;Flat;62,770184;8;2;1;out;deuce_alley;far;-4,122291;24,840872;out;ad;near;-3,365234;-0,737842;1,128906;down the line;Out;false;07:22:49;
Rikard Rykkvin;1;first_serve;Serve;Flat;59,440422;9;2;1;short;deuce_alley;near;5,27506;5,901061;deep;ad;near;-1,365234;0,324658;2,472656;out wide;Net;false;07:23:05;
Rikard Rykkvin;1;second_serve;Serve;Slice;91,674706;9;2;1;deep;ad;far;1,833807;20,786379;deep;ad;near;-1,106445;-0,187263;2,332031;down the T;Out;false;07:23:11;
Rasmus Kopperud Riis;2;second_return;Forehand;Flat;44,625561;9;2;1;short;deuce;near;1,967241;11,372321;out;ad;far;2,173828;25,411716;1,399414;inside in;In;false;07:23:13;
Rikard Rykkvin;1;first_serve;Serve;Flat;94,381233;10;2;1;short;deuce;far;-1,572832;18,276493;deep;deuce;near;0,943848;-0,056627;2,396484;down the T;In;false;07:23:23;
Rasmus Kopperud Riis;2;first_return;Forehand;Topspin;61,552475;10;2;1;deep;deuce;near;2,021827;1,848497;out;deuce;far;-2,835938;24,552341;1,052734;cross court;In;false;07:23:25;
Rikard Rykkvin;3;serve_plus_one;Forehand;Flat;69,057396;10;2;1;deep;ad;far;0,114562;23,237446;out;deuce;near;1,342773;-0,76128;0,946777;down the line;In;false;07:23:26;
Rasmus Kopperud Riis;4;return_plus_one;Forehand;Topspin;45,312748;10;2;1;short;ad;near;-2,125278;8,691167;deep;ad;far;0,129639;23,349216;2,003906;inside out;In;false;07:23:28;
Rikard Rykkvin;5;in_play;Backhand;Slice;70,79847;10;2;1;deep;ad;far;1,210303;21,408516;deep;ad;near;-2,75;1,730908;1,362305;cross court;In;false;07:23:30;
Rasmus Kopperud Riis;6;in_play;Forehand;Flat;89,215515;10;2;1;out;deuce_alley;near;4,289062;-0,609375;deep;ad;far;1,541992;23,646091;0,573242;inside in;Out;false;07:23:32;
Rikard Rykkvin;1;first_serve;Serve;Slice;79,406403;11;2;1;short;ad;far;1,90609;15,389814;deep;ad;near;-2,292969;0,496533;2,46875;down the T;In;false;07:23:56;
Rasmus Kopperud Riis;2;first_return;Forehand;Topspin;68,640488;11;2;1;deep;ad;near;-1,476959;3,545;out;ad;far;3,322266;24,474216;0,834473;inside out;In;false;07:23:57;
Rikard Rykkvin;3;serve_plus_one;Backhand;Flat;70,940758;11;2;1;deep;deuce;far;-3,667196;23,09063;deep;ad;near;-2,347656;0,30122;1,308594;down the line;In;false;07:23:59;
Rasmus Kopperud Riis;4;return_plus_one;Forehand;Flat;85,880394;11;2;1;deep;deuce;near;1,507812;3,5625;out;deuce;far;-2,884766;26,646091;0,733398;cross court;In;false;07:24:01;
Rikard Rykkvin;5;in_play;Forehand;Flat;81,489502;11;2;1;deep;deuce;far;-0,579102;20,8125;deep;deuce;near;2,107422;1,027783;1,072266;cross court;In;false;07:24:02;
Rasmus Kopperud Riis;6;in_play;Forehand;Topspin;75,247704;11;2;1;deep;ad;near;-1,367296;4,764293;out;deuce;far;-0,943848;24,677341;1,139648;down the line;In;false;07:24:03;
Rikard Rykkvin;7;in_play;Backhand;Topspin;82,364388;11;2;1;short;ad;near;-0,265869;11,84375;out;ad;near;-1,700195;-1,112842;1,169922;cross court;Net;false;07:24:05;
Rikard Rykkvin;1;first_serve;Serve;Flat;62,520046;12;2;1;short;ad;near;-0,949707;11,703125;deep;deuce;near;0,253662;0,45747;2,494141;down the T;Net;false;07:24:23;
Rikard Rykkvin;1;second_serve;Serve;Slice;78,41275;12;2;1;short;deuce;far;-1,995712;16,273373;deep;deuce;near;0,891602;0,590283;2,503906;down the T;In;false;07:24:32;
Rasmus Kopperud Riis;2;second_return;Forehand;Topspin;85,8825;12;2;1;deep;ad;near;-0,293063;2,188369;out;deuce;far;-3,847656;25,427341;0,793457;down the line;In;false;07:24:34;
Rikard Rykkvin;3;serve_plus_one;Backhand;Topspin;79,902199;12;2;1;deep;ad;far;2,268692;22,43708;out;ad;near;-0,201904;-0,933155;1,132812;cross court;In;false;07:24:35;
Rasmus Kopperud Riis;4;return_plus_one;Backhand;Topspin;69,248627;12;2;1;deep;deuce;near;1,366784;5,47015;deep;ad;far;2,623047;24,302341;1,15332;down the line;In;false;07:24:37;
Rikard Rykkvin;5;in_play;Forehand;Topspin;88,161133;12;2;1;out;ad;far;3,952989;26,738127;out;deuce;near;0,845703;-1,370655;0,955078;down the line;Out;false;07:24:38;
Rasmus Kopperud Riis;6;in_play;Backhand;Flat;47,671638;12;2;1;short;ad_alley;far;4,160612;17,744474;out;ad;far;3,345703;26,411716;0,998535;down the line;Net;false;07:24:40;
Rikard Rykkvin;1;first_serve;Serve;Slice;94,884743;13;2;1;short;ad;far;1,852495;18,196154;out;ad;near;-1,22168;-0,159717;2,433594;down the T;In;false;07:25:13;
Rasmus Kopperud Riis;2;first_return;Forehand;Topspin;63,949139;13;2;1;short;ad;far;0,973633;11,898438;out;ad;far;2,738281;25,817966;1,107422;inside out;Net;false;07:25:14;
Rikard Rykkvin;1;first_serve;Serve;Slice;83,596695;14;2;1;short;deuce;far;-1,018555;17,0625;deep;deuce;near;0,845215;0,86372;2,455078;down the T;In;false;07:25:45;
Rasmus Kopperud Riis;2;first_return;Forehand;Topspin;69,570679;14;2;1;deep;deuce;near;0,820801;2,585938;deep;deuce;far;-2,201172;23,208591;1,716797;cross court;In;false;07:25:46;
Rikard Rykkvin;3;serve_plus_one;Forehand;Topspin;81,215668;14;2;1;short;deuce;far;-1,731123;18,244848;deep;deuce;near;1,151367;-0,089405;1,320312;cross court;In;false;07:25:48;
Rasmus Kopperud Riis;4;return_plus_one;Forehand;Topspin;84,620155;14;2;1;deep;ad;near;-3,670448;5,324871;out;deuce;far;-3,074219;26,192966;0,502441;down the line;In;false;07:25:49;
Rikard Rykkvin;5;in_play;Backhand;Flat;61,850765;14;2;1;out;deuce;far;-1,400391;24,718224;out;ad;near;-3,40625;-0,464405;0,898438;down the line;Out;false;07:25:51;
Rikard Rykkvin;1;first_serve;Serve;Flat;58,845554;15;2;1;short;deuce;near;1,759766;11,75;deep;ad;near;-1,182617;1,012158;2,234375;out wide;Net;false;07:26:03;
Rikard Rykkvin;1;second_serve;Serve;Flat;51,452507;15;2;1;short;deuce;near;1,519531;6,260982;deep;ad;near;-0,830078;1,066845;2,363281;out wide;Net;false;07:26:10;
Rasmus Kopperud Riis;1;first_serve;Serve;Flat;141,458252;16;3;1;deep;deuce;near;3,444767;5,47326;deep;deuce;far;-0,436035;23,349216;2,458984;out wide;Out;false;07:27:00;
Rikard Rykkvin;2;first_return;Forehand;Slice;61,467724;16;3;1;short;ad;far;1,707611;17,471888;out;deuce_alley;near;4,835938;-0,675342;1,064453;down the line;In;false;07:27:00;
Rasmus Kopperud Riis;3;serve_plus_one;Backhand;Flat;46,319141;16;3;1;short;ad;far;1,277344;12,515625;deep;ad;far;0,864258;23,302341;0,556152;cross court;Net;false;07:27:03;
Rasmus Kopperud Riis;1;first_serve;Serve;Flat;173,083389;17;3;1;deep;ad;near;-1,58143;4,231883;deep;ad;far;0,32959;23,302341;2,474609;down the T;Out;false;07:27:15;
Rikard Rykkvin;1;none;Forehand;Flat;52,630844;17;3;1;short;deuce;far;-2,625;18,21875;out;ad;near;-2,060547;-1,378467;1,25;inside in;In;false;07:27:16;
Rasmus Kopperud Riis;1;second_serve;Serve;Flat;69,523674;17;3;1;short;deuce;far;-1,509766;12,578125;deep;ad;far;0,412842;23,271091;2,509766;out wide;Net;false;07:27:24;
Rasmus Kopperud Riis;1;first_serve;Serve;Flat;123,089706;18;3;1;short;deuce;near;3,031226;6,499753;deep;deuce;far;-0,37207;23,224216;2,328125;out wide;In;false;07:27:36;
Rikard Rykkvin;2;first_return;Forehand;Topspin;79,23452;18;3;1;short;ad;far;2,584185;17,958651;deep;deuce_alley;near;4,644531;0,035595;1,074219;down the line;In;false;07:27:37;
Rasmus Kopperud Riis;3;serve_plus_one;Backhand;Flat;91,26165;18;3;1;deep;ad;near;-0,839844;2,703125;deep;ad;far;1,931641;24,349216;1,069336;cross court;In;false;07:27:39;
Rikard Rykkvin;4;return_plus_one;Backhand;Flat;86,273026;18;3;1;deep;ad;far;1,535777;20,449425;out;ad;near;-1,110352;-0,620655;1,185547;cross court;In;false;07:27:40;
Rasmus Kopperud Riis;5;in_play;Forehand;Topspin;76,965446;18;3;1;deep;ad;near;-0,684035;5,087379;out;ad;far;2,451172;25,208591;1,011719;inside out;In;false;07:27:42;
Rikard Rykkvin;6;in_play;Backhand;Flat;92,652534;18;3;1;short;ad;far;4,108767;18,272573;out;ad;near;-1,519531;-0,651905;1,261719;cross court;In;false;07:27:44;
Rasmus Kopperud Riis;7;in_play;Backhand;Slice;52,791431;18;3;1;short;deuce;near;0,184207;6,632602;out;ad_alley;far;4,636719;25,474216;1,876953;down the line;In;false;07:27:45;
Rikard Rykkvin;8;in_play;Forehand;Topspin;91,753578;18;3;1;deep;ad;far;3,520953;23,759558;deep;center_line;near;-0,010826;2,879345;1,976562;down the line;In;false;07:27:47;
Rasmus Kopperud Riis;1;first_serve;Serve;Flat;60,524891;19;3;1;short;deuce;far;-1,31543;12,476562;deep;ad;far;0,394287;23,521091;2,476562;down the T;Net;false;07:28:03;
Rasmus Kopperud Riis;1;second_serve;Serve;Flat;135,572281;19;3;1;deep;ad;near;-1,244795;4,650138;deep;ad;far;0,073181;23,411316;2,287109;down the T;Out;false;07:28:10;
Rikard Rykkvin;2;second_return;Forehand;Topspin;86,11911;19;3;1;short;ad;near;-1,160156;9,515625;out;ad;near;-1,544922;-1,839405;1,074219;inside out;Net;false;07:28:11;
Rikard Rykkvin;1;first_serve;Serve;Flat;118,188759;20;4;1;short;deuce;near;1,540125;7,760583;deep;deuce;far;-0,501953;22,896091;2,365234;down the T;In;false;07:29:13;
Rasmus Kopperud Riis;2;first_return;Forehand;Flat;94,20533;20;4;1;deep;deuce;far;-3,897005;20,978504;out;deuce;near;3,037109;-0,464405;1,177734;cross court;In;false;07:29:14;
Rikard Rykkvin;3;serve_plus_one;Forehand;Topspin;83,021301;20;4;1;deep;deuce;near;1,296163;4,425075;out;deuce;far;-2,748047;24,583591;1,072266;cross court;In;false;07:29:16;
Rasmus Kopperud Riis;4;return_plus_one;Forehand;Flat;93,448067;20;4;1;deep;deuce;far;-0,263502;22,57793;out;deuce;near;2,189453;-1,964405;0,91748;cross court;In;false;07:29:17;
Rikard Rykkvin;5;in_play;Forehand;Topspin;81,895248;20;4;1;short;ad;near;-0,258604;6,914625;out;deuce;far;-0,459717;25,021091;1,25;down the line;In;false;07:29:19;
Rasmus Kopperud Riis;6;in_play;Forehand;Topspin;51,592709;20;4;1;short;deuce;near;1,522461;6,218572;deep;ad;near;-0,15918;0,262158;0,8125;inside in;Net;false;07:29:20;
Rikard Rykkvin;1;first_serve;Serve;Slice;62,325268;21;4;1;short;deuce;far;-2,371094;12,554688;deep;ad;far;0,787598;22,927341;2,394531;out wide;Net;false;07:29:35;
Rikard Rykkvin;1;second_serve;Serve;Flat;88,248749;21;4;1;short;ad;near;-0,457639;6,977952;deep;ad;far;1,313477;24,052341;2,585938;down the T;In;false;07:29:42;
Rasmus Kopperud Riis;2;second_return;Forehand;Topspin;95,540413;21;4;1;short;deuce;far;-0,791716;16,39794;out;ad;near;-0,946289;-0,612842;1,324219;inside in;In;false;07:29:43;
Rikard Rykkvin;3;serve_plus_one;Forehand;Flat;78,351677;21;4;1;short;ad;near;-1,373332;6,106745;out;deuce;far;-0,847168;25,411716;0,649902;down the line;In;false;07:29:45;
Rasmus Kopperud Riis;4;return_plus_one;Backhand;Topspin;87,45118;21;4;1;deep;deuce;far;-0,503658;20,701305;out;ad;near;-1,616211;-0,753467;0,810547;down the line;In;false;07:29:46;
Rikard Rykkvin;5;in_play;Forehand;Topspin;59,967117;21;4;1;short;deuce;far;-1,441406;12,234375;out;deuce;far;-0,06781;26,021091;0,683594;cross court;Net;false;07:29:47;
Rikard Rykkvin;1;first_serve;Serve;Flat;95,130409;22;4;1;short;deuce;near;3,640793;7,247621;deep;deuce;far;-0,485352;22,552341;2,349609;out wide;In;false;07:30:03;
Rasmus Kopperud Riis;2;first_return;Forehand;Topspin;78,468491;22;4;1;out;ad;far;0,865234;25,381399;out;deuce_alley;near;5,304688;-0,347217;0,995117;down the line;Out;false;07:30:04;
Rikard Rykkvin;1;first_serve;Serve;Slice;85,170235;23;4;1;short;ad;near;-2,100046;5,980025;deep;ad;far;1,210938;23,817966;2,537109;down the T;In;false;07:30:21;
Rasmus Kopperud Riis;2;first_return;Forehand;Flat;92,370064;23;4;1;short;deuce;far;-1,871094;18;out;ad;near;-2,742188;-1,644092;1,425781;inside in;In;false;07:30:22;
Rikard Rykkvin;3;serve_plus_one;Forehand;Topspin;64,276283;23;4;1;short;deuce;near;0,185345;5,847333;deep;deuce;far;-2,044922;22,755466;1,886719;cross court;In;false;07:30:24;
Rasmus Kopperud Riis;4;return_plus_one;Forehand;Topspin;70,685753;23;4;1;deep;deuce;far;-2,261518;18,302267;deep;deuce;near;0,774902;0,309033;0,923828;cross court;In;false;07:30:26;
Rikard Rykkvin;5;in_play;Forehand;Slice;56,391548;23;4;1;short;deuce;near;3,078323;9,785433;out;deuce_alley;far;-4,363281;25,927341;0,926758;down the line;In;false;07:30:27;
Rasmus Kopperud Riis;0;none;Feed;Flat;30,39563;24;4;1;short;deuce;far;-0,037664;18,273157;short;deuce;near;0,900391;11,730992;1,955078;---;In;false;07:30:36;
Rikard Rykkvin;1;first_serve;Serve;Flat;107,066742;24;4;1;short;ad;near;-0,199367;7,152095;deep;deuce;far;-0,750977;23,989841;2,244141;down the T;Out;false;07:30:54;
Rasmus Kopperud Riis;2;none;Backhand;Flat;79,895607;24;4;1;out;deuce_alley;far;-4,5018;24,390625;out;deuce;near;0,552734;-2,38628;0,94043;inside in;Out;false;07:30:55;
Rikard Rykkvin;1;second_serve;Serve;Flat;96,994827;24;4;1;short;deuce;near;4,00402;6,369119;deep;deuce;far;-0,819824;23,677341;2,416016;out wide;In;false;07:31:05;
Rasmus Kopperud Riis;2;second_return;Forehand;Topspin;88,940063;24;4;1;short;deuce;far;-1,796357;18,275412;deep;deuce_out;near;5,707031;0,066845;1,109375;down the line;In;false;07:31:06;
Rikard Rykkvin;3;serve_plus_one;Forehand;Slice;57,293026;24;4;1;short;ad_alley;near;-4,558614;7,430054;deep;deuce;far;-3,748047;23,411716;1,419922;down the line;Out;false;07:31:08;
Rikard Rykkvin;1;first_serve;Serve;Flat;96,043213;25;4;1;short;ad;near;-1,993864;7,832018;deep;ad;far;0,58252;23,614841;2,607422;down the T;In;false;07:31:25;
Rasmus Kopperud Riis;2;first_return;Forehand;Flat;91,226662;25;4;1;deep;ad;far;2,851381;22,273388;out;ad;near;-2,951172;-1,128467;1,224609;inside out;In;false;07:31:27;
Rikard Rykkvin;3;serve_plus_one;Backhand;Topspin;55,334251;25;4;1;short;ad;near;-0,752114;7,110423;out;ad;far;3,90625;25,489841;0,922852;cross court;In;false;07:31:28;
Rasmus Kopperud Riis;4;return_plus_one;Forehand;Flat;80,166695;25;4;1;deep;deuce_alley;far;-4,299007;22,309002;deep;ad;near;-1,977539;2,215283;0,736328;inside in;Out;false;07:31:30;
Rikard Rykkvin;1;first_serve;Serve;Flat;94,174011;26;4;1;short;deuce;far;-0,554688;15,351562;deep;deuce;far;-0,334473;23,439278;2,306641;down the T;Net;false;07:31:56;
Rikard Rykkvin;1;second_serve;Serve;Flat;104,771751;26;4;1;short;deuce;near;2,669974;7,101099;deep;deuce;far;-0,685059;23,239841;2,283203;out wide;In;false;07:32:00;
Rasmus Kopperud Riis;2;second_return;Forehand;Topspin;76,171364;26;4;1;short;center_line;far;-0,002025;18,282887;out;deuce_alley;near;4,527344;-0,401905;1,126953;down the line;In;false;07:32:01;
Rikard Rykkvin;3;serve_plus_one;Forehand;Topspin;85,835457;26;4;1;deep;deuce;near;2,020741;5,256838;out;deuce;far;-1,731445;26,130466;0,647949;cross court;In;false;07:32:03;
Rasmus Kopperud Riis;4;return_plus_one;Forehand;Topspin;75,374733;26;4;1;deep;ad;far;0,043639;18,319941;out;deuce;near;2,75;-1,058155;0,890625;down the line;In;false;07:32:05;
Rikard Rykkvin;5;in_play;Forehand;Flat;79,085793;26;4;1;deep;ad;near;-0,152778;4,53674;deep;deuce;far;-0,058868;24,130466;1,269531;down the line;In;false;07:32:06;
Rasmus Kopperud Riis;6;in_play;Forehand;Topspin;95,551849;26;4;1;short;ad;far;2,967096;18,249296;out;ad;near;-0,175781;-2,714405;1,251953;inside out;In;false;07:32:08;
Rikard Rykkvin;7;in_play;Backhand;Slice;52,723492;26;4;1;deep;deuce;near;3,177327;4,197462;out;ad;far;3,326172;25,942966;0,979004;down the line;In;false;07:32:09;
Rasmus Kopperud Riis;8;in_play;Forehand;Flat;49,568405;26;4;1;short;ad;near;-1,086914;5,636953;deep;deuce;near;2,603516;2,14497;1,46875;down the line;Net;false;07:32:12;
Rikard Rykkvin;1;first_serve;Serve;Flat;83,548012;27;4;1;short;ad;near;-1,997846;8,441181;deep;ad;far;1,029297;23,614841;2,603516;out wide;In;false;07:32:29;
Rasmus Kopperud Riis;2;first_return;Forehand;Flat;72,689964;27;4;1;deep;ad;far;0,060565;18,329992;out;ad;near;-3,464844;-0,745655;0,892578;inside out;In;false;07:32:31;
Rikard Rykkvin;3;serve_plus_one;Backhand;Flat;81,176826;27;4;1;deep;ad;near;-2,343232;5,368857;out;ad;far;0,881836;25,224216;1,222656;cross court;In;false;07:32:32;
Rasmus Kopperud Riis;4;return_plus_one;Backhand;Flat;83,68882;27;4;1;short;ad;far;0,018481;18,279572;deep;ad;near;-3,029297;0,14497;0,852051;cross court;In;false;07:32:34;
Rikard Rykkvin;5;in_play;Backhand;Topspin;82,359291;27;4;1;deep;ad;near;-2,875;0,328125;deep;ad;far;1,533203;23,896091;0,992188;cross court;In;false;07:32:35;
Rasmus Kopperud Riis;6;in_play;Backhand;Flat;71,416046;27;4;1;short;deuce;far;-3,033132;17,606852;out;ad;near;-2,939453;-0,159717;0,450684;down the line;In;false;07:32:37;
Rikard Rykkvin;7;in_play;Forehand;Topspin;83,609802;27;4;1;short;ad_alley;near;-4,744752;6,851739;out;deuce;far;-2,851562;25,927341;0,680664;down the line;Out;false;07:32:38;
Rikard Rykkvin;1;first_serve;Serve;Flat;100,788826;28;4;1;short;deuce;near;2,26604;6,286095;deep;deuce;far;-0,660645;23,779697;2,242188;down the T;In;false;07:32:50;
Rasmus Kopperud Riis;2;first_return;Forehand;Topspin;88,306335;28;4;1;short;deuce;far;-1,967002;18,270769;deep;deuce;near;3,894531;0,42622;1,296875;cross court;In;false;07:32:51;
Rikard Rykkvin;3;serve_plus_one;Forehand;Flat;58,426628;28;4;1;out;deuce_alley;near;4,433594;-0,314024;out;deuce;far;-3,396484;24,552341;1,222656;down the line;Out;false;07:32:52;
Rikard Rykkvin;1;first_serve;Serve;Flat;89,125038;29;4;1;short;ad;near;-1,816403;8,649059;deep;ad;far;0,891113;24,083591;2,675781;down the T;In;false;07:33:10;
Rasmus Kopperud Riis;2;first_return;Forehand;Flat;85,033638;29;4;1;deep;deuce;far;-0,029837;20,416197;out;ad;near;-1,661133;-2,57378;1,185547;inside in;In;false;07:33:11;
Rikard Rykkvin;3;serve_plus_one;Forehand;Topspin;72,071106;29;4;1;deep;ad;near;-2,402856;3,67609;out;deuce;far;-0,604004;24,505466;1,191406;down the line;In;false;07:33:13;
Rasmus Kopperud Riis;4;return_plus_one;Backhand;Flat;106,439194;29;4;1;short;ad;far;2,051558;18,261843;out;ad;near;-2,742188;-1,144092;1,191406;cross court;In;false;07:33:14;
Rikard Rykkvin;5;in_play;Backhand;Flat;75,85318;29;4;1;short;deuce;near;0,496094;6,878906;out;ad;far;3,595703;24,677341;0,975586;down the line;In;false;07:33:16;
Rasmus Kopperud Riis;6;in_play;Forehand;Topspin;51,295586;29;4;1;short;ad;near;-1,626953;8,451076;deep;ad;near;-0,927246;0,184033;0,821289;inside out;Net;false;07:33:17;
Rikard Rykkvin;1;first_serve;Serve;Flat;113,503525;30;4;1;short;deuce;near;2,108328;7,360517;deep;deuce;far;-0,558594;22,864841;2,337891;down the T;In;false;07:33:32;
Rasmus Kopperud Riis;2;first_return;Forehand;Topspin;77,097786;30;4;1;deep;deuce;far;-2,526758;18,296429;deep;deuce;near;3,970703;0,55122;1,322266;cross court;In;false;07:33:33;
Rikard Rykkvin;3;serve_plus_one;Forehand;Flat;74,785072;30;4;1;deep;deuce_alley;near;5,382664;3,060664;out;deuce;far;-0,874023;24,521091;1,150391;down the line;Out;false;07:33:35;
Rasmus Kopperud Riis;0;none;Feed;Flat;36,237053;31;4;1;deep;ad;far;0,768555;20,734375;out;deuce;near;1,445312;-2,276905;0,27002;---;In;false;07:33:37;
Rikard Rykkvin;1;first_serve;Serve;Flat;110,693932;31;4;1;short;ad;near;-0,694834;8,60423;deep;ad;far;1,128906;23,817966;2,560547;down the T;In;false;07:33:48;
Rasmus Kopperud Riis;2;none;Forehand;Flat;75,029541;31;4;1;deep;deuce;far;-1,569896;20,318422;out;ad;near;-1,352539;-1,60503;1,134766;inside in;In;false;07:33:49;
Rikard Rykkvin;3;none;Forehand;Topspin;67,960602;31;4;1;deep;ad;near;-0,75237;1,71502;out;deuce;far;-1,811523;24,661716;1,197266;down the line;In;false;07:33:50;
Rasmus Kopperud Riis;4;none;Forehand;Flat;76,011803;31;4;1;deep;deuce;far;-0,634804;20,849764;out;ad;near;-0,678711;-2,690967;1,554688;inside in;In;false;07:33:52;
Rikard Rykkvin;5;none;Forehand;Flat;69,032043;31;4;1;out;ad;near;-2,637578;-1,84388;out;deuce;far;-0,776367;26,146091;1,257812;down the line;Out;false;07:33:54;
Rikard Rykkvin;1;second_serve;Serve;Flat;77,324333;31;4;1;deep;ad;near;-0,716088;5,466628;deep;ad;far;0,64209;23,278746;2,169922;down the T;Out;false;07:34:00;
Rasmus Kopperud Riis;1;first_serve;Serve;Slice;118,253403;32;5;1;short;deuce;far;-3,947723;18,262606;deep;deuce;near;1,166992;0,949658;2,539062;out wide;In;false;07:34:18;
Rikard Rykkvin;2;first_return;Forehand;Slice;58,80508;32;5;1;out;ad_alley;near;-5,265625;-1,210938;out;deuce_out;far;-5,566406;24,567966;1,232422;down the line;Out;false;07:34:19;
Rasmus Kopperud Riis;1;first_serve;Serve;Flat;124,155922;33;5;1;deep;ad;far;2,417154;20,659864;deep;ad;near;0,064636;0,698494;2,255859;down the T;Out;false;07:34:37;
Rikard Rykkvin;2;first_return;Forehand;Topspin;42,896172;33;5;1;short;ad_alley;far;5,141512;18,137447;deep;ad;far;2,929688;24,099216;1,212891;inside in;Net;false;07:34:38;
Rasmus Kopperud Riis;1;first_serve;Serve;Flat;97,297485;34;5;1;deep;deuce;far;-1,744946;18,314934;deep;deuce;near;0,95459;1,160595;2,359375;down the T;Out;false;07:34:51;
Rikard Rykkvin;2;first_return;Backhand;Flat;61,327274;34;5;1;short;deuce;near;2,366457;7,095247;out;deuce;far;-1,939453;25,208591;1,162109;inside out;In;false;07:34:52;
Rasmus Kopperud Riis;3;serve_plus_one;Forehand;Flat;104,099281;34;5;1;deep;ad;far;2,070895;23,695507;deep;deuce;near;2,886719;0,559033;0,973633;down the line;In;false;07:34:54;
Rikard Rykkvin;4;return_plus_one;Backhand;Flat;71,536858;34;5;1;deep;deuce;near;2,288417;4,340804;deep;ad;far;2,046875;23,802341;0,858887;down the line;In;false;07:34:55;
Rasmus Kopperud Riis;5;in_play;Forehand;Topspin;83,465958;34;5;1;deep;deuce;far;-2,451011;20,431475;deep;deuce;near;2,152344;0,465283;1,013672;cross court;In;false;07:34:57;
Rikard Rykkvin;6;in_play;Forehand;Topspin;69,903862;34;5;1;short;deuce;near;0,661461;7,239837;out;deuce;far;-3,058594;24,739841;1,333984;cross court;In;false;07:34:58;
Rasmus Kopperud Riis;7;in_play;Forehand;Topspin;104,952667;34;5;1;short;ad;far;1,960435;17,954903;deep;deuce;near;1,68457;0,152783;0,849121;down the line;In;false;07:35:00;
Rikard Rykkvin;8;in_play;Backhand;Flat;83,714127;34;5;1;short;deuce;near;0,476807;7,304688;deep;ad;far;2,109375;24,271091;1,931641;down the line;In;false;07:35:01;
Rasmus Kopperud Riis;9;in_play;Volley;Flat;27,874657;34;5;1;short;deuce;near;0,27002;6,01288;short;deuce;near;0,209351;9,723095;3,726562;cross court;Net;false;07:35:02;
Rasmus Kopperud Riis;1;first_serve;Serve;Flat;87,42997;35;5;1;deep;ad;far;3,991201;18,297939;deep;ad;near;-0,743164;0,262158;2,365234;out wide;Out;false;07:35:24;
Rikard Rykkvin;1;none;Forehand;Slice;77,550919;35;5;1;deep;deuce;far;-0,191284;20,09375;out;ad;far;1,808594;24,677341;1,25;inside in;Net;false;07:35:25;
Rasmus Kopperud Riis;1;second_serve;Serve;Flat;121,489075;35;5;1;short;ad;far;0,334973;17,578037;deep;ad;near;-0,476074;0,153542;2,431641;down the T;In;false;07:35:31;
Rikard Rykkvin;2;second_return;Forehand;Flat;59,624752;35;5;1;short;ad;far;2,439453;18,267832;out;ad;far;0,175903;25,864841;1,183594;inside out;Net;false;07:35:33;
Rasmus Kopperud Riis;1;first_serve;Serve;Slice;116,376053;36;5;1;short;deuce;far;-3,582829;18,273157;deep;deuce;near;0,577148;1,012158;2,423828;out wide;In;false;07:35:46;
Rikard Rykkvin;2;first_return;Forehand;Flat;61,671799;36;5;1;deep;deuce;near;2,623222;4,708491;out;deuce_alley;far;-5,042969;24,864841;1,166016;down the line;In;false;07:35:48;
Rasmus Kopperud Riis;3;serve_plus_one;Forehand;Flat;101,146507;36;5;1;deep;ad;far;3,001662;21,282408;deep;deuce;near;2,732422;1,449658;1,283203;down the line;In;false;07:35:49;
Rikard Rykkvin;4;return_plus_one;Backhand;Flat;49,095551;36;5;1;short;deuce_out;near;8,779632;5,629649;deep;ad;far;2,46875;24,177341;1,5;down the line;Out;false;07:35:51;
Rikard Rykkvin;1;first_serve;Serve;Flat;105,970894;37;6;1;short;deuce;far;-2,578125;14,945312;deep;deuce;near;0,984375;0,223095;2,511719;out wide;In;false;07:37:07;
Rasmus Kopperud Riis;2;first_return;Forehand;Flat;71,522728;37;6;1;short;deuce;near;0,414704;7,120713;deep;deuce_alley;far;-4,988281;23,942966;1,179688;down the line;In;false;07:37:08;
Rikard Rykkvin;3;serve_plus_one;Forehand;Flat;100,056816;37;6;1;deep;deuce;far;-0,241863;23,308802;deep;deuce;near;1,982422;1,223095;0,825195;cross court;In;false;07:37:09;
Rasmus Kopperud Riis;4;return_plus_one;Backhand;Topspin;56,74617;37;6;1;deep;ad;near;-0,651959;2,366235;out;deuce;far;-0,179199;25,161716;0,559082;inside in;In;false;07:37:11;
Rikard Rykkvin;5;in_play;Forehand;Topspin;58,33654;37;6;1;short;ad;near;-1,00293;6,01288;out;ad;near;-0,759766;-4,159718;1,522461;inside out;Net;false;07:37:13;
Rikard Rykkvin;1;first_serve;Serve;Flat;119,282341;38;6;1;deep;ad;far;2,500634;19,958883;deep;ad;near;-1,125977;-0,081592;2,382812;down the T;Out;false;07:37:24;
Rasmus Kopperud Riis;1;none;Forehand;Topspin;76,539528;38;6;1;deep;deuce;near;1,754573;0,45378;out;ad;far;2,556641;24,677341;1,353516;inside in;In;false;07:37:25;
Rikard Rykkvin;1;second_serve;Serve;Slice;52,300629;38;6;1;short;deuce;near;0,959961;11,859375;deep;ad;near;-1,361328;0,30122;2,441406;down the T;Net;false;07:37:31;
Rikard Rykkvin;1;first_serve;Serve;Slice;101,520828;39;6;1;short;deuce;far;-2,433643;18,276493;deep;deuce;near;1,015625;0,45747;2,517578;out wide;In;false;07:37:51;
Rasmus Kopperud Riis;2;first_return;Forehand;Topspin;73,944778;39;6;1;deep;deuce;near;1,985352;1,03125;out;deuce_alley;far;-4,1875;24,771091;1,09082;down the line;In;false;07:37:53;
Rikard Rykkvin;3;serve_plus_one;Forehand;Flat;62,724091;39;6;1;out;ad;far;0,371826;24,34375;deep;deuce;near;1,912109;0,76997;0,660156;down the line;Out;false;07:37:54;
Rasmus Kopperud Riis;4;return_plus_one;Forehand;Topspin;87,061401;39;6;1;deep;ad_out;near;-5,690664;2,080684;deep;ad;far;0,031891;23,771091;1,6875;inside in;Out;false;07:37:57;
Rikard Rykkvin;1;first_serve;Serve;Slice;94,136589;40;6;1;short;ad;far;2,065296;18,254242;deep;ad;near;-1,139648;0,074658;2,441406;down the T;In;false;07:38:22;
Rasmus Kopperud Riis;1;none;Forehand;Topspin;68,716156;40;6;1;short;deuce;near;0,284682;7,048791;out;ad;far;2,697266;24,427341;1,140625;inside in;In;false;07:38:23;
Rikard Rykkvin;2;none;Forehand;Topspin;107,79892;40;6;1;deep;deuce;far;-1,3767;20,484375;out;ad;near;-0,57959;-0,66753;0,910645;inside in;In;false;07:38:24;
Rasmus Kopperud Riis;3;none;Backhand;Flat;69,815994;40;6;1;deep;ad;near;-1,078891;5,477474;out;ad;far;2,933594;24,677341;1,09375;cross court;In;false;07:38:26;
Rikard Rykkvin;4;none;Forehand;Topspin;63,922131;40;6;1;deep;deuce;near;1,047604;1,042158;out;ad;near;-1,241211;-1,565967;1,283203;inside in;Net;false;07:38:27;
Rasmus Kopperud Riis;5;none;Forehand;Topspin;65,732109;40;6;1;out;ad;near;-0,112536;-1,0625;out;ad;far;0,089661;25,021091;1,334961;inside out;Out;false;07:38:29;
Rikard Rykkvin;1;second_serve;Serve;Flat;92,50383;40;6;1;short;ad;far;2,070312;18,113962;deep;ad;near;-1,376953;0,316845;2,326172;down the T;In;false;07:38:53;
Rasmus Kopperud Riis;2;second_return;Forehand;Topspin;71,636024;40;6;1;deep;ad;near;-0,852673;3,598332;out;ad;far;2,556641;26,489841;1,148438;inside out;In;false;07:38:54;
Rikard Rykkvin;3;serve_plus_one;Forehand;Topspin;80,785309;40;6;1;deep;ad;far;2,90968;22,562006;out;ad;near;-1,263672;-2,26128;1,490234;inside out;In;false;07:38:56;
Rasmus Kopperud Riis;4;return_plus_one;Backhand;Flat;83,573036;40;6;1;deep;ad;near;-0,194314;1,773796;out;ad;far;3,123047;24,583591;2,064453;cross court;In;false;07:38:58;
Rikard Rykkvin;5;in_play;Forehand;Flat;89,298492;40;6;1;deep;ad;far;3,164323;23,626814;out;ad;near;-0,442383;-2,714405;1,498047;inside out;In;false;07:38:59;
Rasmus Kopperud Riis;6;in_play;Backhand;Flat;97,492592;40;6;1;deep;ad;near;-3,992136;4,691963;out;ad;far;3,007812;25,146091;1,595703;cross court;In;false;07:39:01;
Rikard Rykkvin;7;in_play;Backhand;Slice;60,582047;40;6;1;short;ad;far;1,542163;18,191683;out;ad_alley;near;-4,910156;-1,464405;1,222656;down the line;In;false;07:39:03;
Rasmus Kopperud Riis;8;in_play;Backhand;Topspin;88,55558;40;6;1;deep;deuce;near;1,760742;3,289062;deep;ad;far;2,109375;22,880466;1,235352;down the line;In;false;07:39:05;
Rikard Rykkvin;9;in_play;Forehand;Topspin;71,343857;40;6;1;deep;deuce;far;-0,605469;18,4375;deep;deuce;near;1,25;0,793408;0,952148;cross court;In;false;07:39:06;
Rasmus Kopperud Riis;10;in_play;Volley;Flat;34,843319;40;6;1;short;ad;near;-2,709219;6,683398;deep;deuce;far;-0,605469;19,083591;0,54834;down the line;In;false;07:39:07;
Rikard Rykkvin;11;in_play;Backhand;Flat;54,443474;40;6;1;deep;ad_out;far;5,993051;23,710022;deep;ad;near;-3,177734;4,293407;0,750977;down the line;Out;false;07:39:08;
Rikard Rykkvin;1;first_serve;Serve;Flat;81,745071;41;6;1;short;deuce_alley;far;-5,096209;18,186972;deep;deuce;near;0,78418;1,05122;2,472656;out wide;Out;false;07:39:39;
Rasmus Kopperud Riis;2;first_return;Forehand;Topspin;62,080456;41;6;1;short;ad;near;-0,99707;5,710938;out;deuce_out;far;-5,582031;24,958591;0,978516;down the line;In;false;07:39:41;
Rikard Rykkvin;3;serve_plus_one;Forehand;Topspin;83,002907;41;6;1;deep;ad;far;2,434956;22,940111;deep;deuce;near;1,143555;1,293408;0,725098;down the line;In;false;07:39:43;
Rasmus Kopperud Riis;4;return_plus_one;Backhand;Slice;50,470909;41;6;1;deep;deuce;near;0,582484;3,559654;out;ad;far;2,125;24,896091;1,454102;down the line;In;false;07:39:44;
Rikard Rykkvin;5;in_play;Forehand;Topspin;79,533028;41;6;1;out;deuce;far;-0,932129;24,21875;out;ad;near;-0,067566;-0,38628;1,505859;inside in;Out;false;07:39:48;
Rikard Rykkvin;0;none;Feed;Flat;31,914034;42;7;1;deep;ad;far;1,670898;18,859375;short;deuce;near;1,303711;8,863805;1,018555;---;In;false;07:40:18;
Rasmus Kopperud Riis;1;first_serve;Serve;Flat;82,254578;42;7;1;short;ad;far;2,761719;12,492188;deep;deuce;far;-0,201538;23,616947;2,257812;out wide;Net;false;07:40:30;
Rasmus Kopperud Riis;1;second_serve;Serve;Flat;153,194382;42;7;1;deep;deuce;near;2,485283;4,480483;deep;deuce;far;-0,483154;22,630466;2,365234;down the T;Out;false;07:40:48;
Rikard Rykkvin;2;second_return;Forehand;Topspin;55,312656;42;7;1;short;deuce_alley;near;4,168455;8,976562;out;deuce;near;3,603516;-0,745655;1,111328;down the line;Net;false;07:40:49;
Rasmus Kopperud Riis;1;first_serve;Serve;Flat;98,536781;43;7;1;short;ad;near;-3,260492;5,969334;deep;ad;far;0,479004;22,896091;2,484375;out wide;In;false;07:41:03;
Rikard Rykkvin;2;first_return;Backhand;Topspin;69,734482;43;7;1;deep;deuce;far;-1,39896;20,139996;out;ad;near;-3,404297;-1,065967;1,176758;down the line;In;false;07:41:04;
Rasmus Kopperud Riis;3;serve_plus_one;Forehand;Topspin;82,610756;43;7;1;deep;deuce_alley;near;5,186273;2,69701;deep;deuce;far;-0,95752;23,771091;1,326172;down the line;Out;false;07:41:05;
Rasmus Kopperud Riis;1;first_serve;Serve;Flat;127,046158;44;7;1;short;deuce;near;4,072807;7,270939;deep;deuce;far;-0,613281;23,021091;2,265625;out wide;In;false;07:41:18;
Rikard Rykkvin;2;first_return;Forehand;Topspin;65,590538;44;7;1;deep;deuce;far;-2,789613;21,034159;deep;deuce_alley;near;5,179688;0,58247;1,478516;down the line;In;false;07:41:19;
Rasmus Kopperud Riis;3;serve_plus_one;Forehand;Topspin;83,481392;44;7;1;deep;ad;near;-2,088472;2,193956;deep;deuce;far;-3,121094;22,864841;1,220703;down the line;In;false;07:41:21;
Rikard Rykkvin;4;return_plus_one;Backhand;Slice;59,099548;44;7;1;deep;ad;far;4,063005;23,689589;out;ad;near;-1,853516;-1,683155;1,165039;cross court;In;false;07:41:22;
Rikard Rykkvin;5;in_play;Backhand;Slice;70,012032;44;7;1;deep;ad;far;3,96875;20,03125;out;ad_alley;far;4,6875;24,958591;1,636719;down the line;Net;false;07:41:26;
Rikard Rykkvin;1;first_serve;Serve;Flat;149,268448;45;7;1;short;ad;near;-2,121243;7,407394;deep;ad;far;0,179443;23,751516;2,486328;down the T;In;false;07:41:38;
Rasmus Kopperud Riis;1;none;Forehand;Flat;78,940796;45;7;1;short;deuce;far;-0,116976;17,50774;out;ad;near;-2,857422;-2,245655;1;inside in;In;false;07:41:39;
Rikard Rykkvin;2;none;Forehand;Topspin;96,90889;45;7;1;short;deuce;near;1,81773;5,886724;out;ad;far;0,141968;24,614841;1,053711;inside in;In;false;07:41:41;
Rasmus Kopperud Riis;3;none;Forehand;Flat;61,622906;45;7;1;deep;ad;far;0,060565;18,340374;out;deuce;near;2,503906;-1,581592;0,751465;down the line;In;false;07:41:42;
Rikard Rykkvin;4;none;Backhand;Flat;62,924572;45;7;1;deep;ad_alley;near;-4,707031;2,875;deep;ad;far;1,318359;23,927341;0,71875;down the line;Out;false;07:41:44;
Rasmus Kopperud Riis;5;none;Backhand;Topspin;53,902748;45;7;1;short;deuce;far;-0,080832;17,207869;out;ad_alley;near;-4,707031;-0,308155;1,837891;down the line;In;false;07:41:46;
Rikard Rykkvin;1;first_serve;Serve;Flat;83,505341;45;7;1;short;deuce;far;-1,085938;12,40625;deep;ad;far;0,167847;23,347187;2,462891;down the T;Net;false;07:42:15;
Rikard Rykkvin;1;second_serve;Serve;Flat;92,223282;45;7;1;short;ad;near;-1,52832;6,359375;deep;ad;far;0,529785;23,317966;2,455078;down the T;In;false;07:42:21;
Rasmus Kopperud Riis;2;second_return;Forehand;Flat;77,399261;45;7;1;deep;ad;far;2,202227;21,469669;out;ad;near;-1,475586;-0,972217;1,31543;inside out;In;false;07:42:23;
Rikard Rykkvin;3;serve_plus_one;Backhand;Flat;86,592537;45;7;1;deep;ad;near;-1,116211;3,125;deep;ad;far;2,515625;24,364841;1,806641;cross court;In;false;07:42:24;
Rasmus Kopperud Riis;4;return_plus_one;Backhand;Topspin;53,442795;45;7;1;short;ad;near;-0,466309;5,54817;deep;ad;near;-1,652344;-0,10503;1,072266;cross court;Net;false;07:42:26;
Rasmus Kopperud Riis;5;in_play;Volley;Flat;32,055855;45;7;1;short;ad;far;1,236328;17,375;short;deuce;near;1,446289;9,309117;0,991211;down the line;In;false;07:42:41;
Rikard Rykkvin;6;in_play;Volley;Flat;33,449589;45;7;1;short;ad;far;1,236328;17,375;short;ad;far;1,236328;18,021091;0,333496;cross court;Net;false;07:42:41;
Rasmus Kopperud Riis;1;first_serve;Serve;Flat;172,005402;46;7;1;short;deuce;near;1,790209;8,034912;deep;deuce;far;-0,697266;23,67791;2,269531;down the T;In;false;07:43:02;
Rikard Rykkvin;2;first_return;Forehand;Topspin;49,835854;46;7;1;short;deuce;near;0,663086;11,695312;out;deuce;near;3,792969;-1,058155;1,010742;cross court;Net;false;07:43:03;
Rasmus Kopperud Riis;1;first_serve;Serve;Flat;103,737717;47;7;1;short;ad;near;-3,324511;6,790534;deep;ad;far;0,495117;23,646091;2,458984;out wide;In;false;07:43:16;
Rikard Rykkvin;2;first_return;Backhand;Flat;86,627953;47;7;1;short;ad;far;3,755659;18,271379;out;ad_alley;near;-4,425781;-0,69878;1,208984;down the line;In;false;07:43:18;
Rasmus Kopperud Riis;3;serve_plus_one;Backhand;Slice;53,233616;47;7;1;deep;deuce;near;1,182536;4,3691;deep;ad_alley;far;5,167969;23,896091;0,706055;down the line;In;false;07:43:19;
Rikard Rykkvin;4;return_plus_one;Forehand;Topspin;81,233833;47;7;1;short;ad_alley;far;5,235824;18,283785;deep;deuce;near;0,483398;0,36372;0,99707;down the line;Out;false;07:43:21;
Rikard Rykkvin;1;first_serve;Serve;Flat;109,654091;48;8;2;short;deuce;near;2,47003;7,454734;deep;deuce;far;0,145874;22,505466;1,701172;out wide;In;false;07:44:37;
Rasmus Kopperud Riis;2;first_return;Forehand;Topspin;80,29496;48;8;2;deep;ad;far;0,504395;22,84375;deep;deuce;near;3,951172;0,11372;1,179688;down the line;In;false;07:44:38;
Rikard Rykkvin;1;first_serve;Serve;Slice;89,178253;49;8;2;short;ad;near;-3,325419;7,373576;deep;ad;far;1,094727;24,146091;2,695312;out wide;In;false;07:44:50;
Rasmus Kopperud Riis;2;first_return;Forehand;Flat;87,361465;49;8;2;deep;ad;far;2,379864;19,399275;out;ad;near;-3,152344;-1,409717;1,100586;inside out;In;false;07:44:51;
Rikard Rykkvin;3;serve_plus_one;Backhand;Flat;69,40197;49;8;2;out;deuce;near;0,540581;-0,307552;deep;ad;far;3,291016;23,177341;1,734375;down the line;Out;false;07:44:53;
Rasmus Kopperud Riis;0;none;Feed;Flat;33,449589;50;8;2;deep;ad;far;1,214489;20,608885;deep;deuce;near;2,017578;1,67622;0,877441;---;In;false;07:44:58;
Rikard Rykkvin;1;first_serve;Serve;Slice;84,504768;50;8;2;short;deuce;near;2,30287;8,337203;deep;deuce;far;-1,111328;23,614841;2,376953;out wide;In;false;07:45:09;
Rasmus Kopperud Riis;2;none;Forehand;Topspin;70,496902;50;8;2;deep;deuce;far;-3,950315;20,44038;deep;deuce_alley;near;4,546875;0,05122;0,830078;down the line;In;false;07:45:10;
Rikard Rykkvin;3;none;Forehand;Topspin;62,304855;50;8;2;deep;deuce;near;4,048371;3,106365;deep;deuce;far;-1,821289;24,083591;1,079102;cross court;In;false;07:45:12;
Rasmus Kopperud Riis;4;none;Forehand;Topspin;112,471306;50;8;2;deep;deuce;far;-4,111549;23,52293;out;deuce_alley;near;4,582031;-0,128467;1,607422;down the line;In;false;07:45:14;
Rikard Rykkvin;5;none;Forehand;Topspin;66,835197;50;8;2;deep;deuce;near;1,540183;1,139263;deep;deuce;far;-1,650391;23,927341;0,978516;cross court;In;false;07:45:15;
Rasmus Kopperud Riis;6;none;Forehand;Flat;81,787437;50;8;2;deep;deuce;far;-1,802185;20,29088;out;deuce;near;1,548828;-1,597217;1,373047;cross court;In;false;07:45:17;
Rikard Rykkvin;7;none;Forehand;Flat;95,156738;50;8;2;short;ad;near;-1,312209;7,583091;out;deuce;far;-2,300781;25,989841;0,714844;down the line;In;false;07:45:19;
Rasmus Kopperud Riis;8;none;Forehand;Topspin;61,352356;50;8;2;deep;ad;far;1,659329;23,723482;out;ad;near;-0,821777;-1,987842;0,563965;inside out;In;false;07:45:20;
Rikard Rykkvin;9;none;Forehand;Topspin;64,937195;50;8;2;short;ad;near;-1,733552;7,326133;out;ad;far;1,178711;26,396091;1,259766;inside out;In;false;07:45:23;
Rasmus Kopperud Riis;10;none;Backhand;Flat;95,136093;50;8;2;deep;ad;far;0,073303;23,730053;out;ad;near;-2,96875;-1,206592;0,789062;cross court;In;false;07:45:25;
Rikard Rykkvin;11;none;Forehand;Topspin;66,762718;50;8;2;deep;ad;near;-0,733818;1,394949;deep;ad;far;1,452148;24,317966;1,119141;inside out;In;false;07:45:27;
Rasmus Kopperud Riis;12;none;Forehand;Flat;87,404297;50;8;2;deep;deuce;far;-4,027115;22,35214;out;ad;near;-0,953125;-2,69878;1,408203;inside in;In;false;07:45:28;
Rikard Rykkvin;13;none;Forehand;Flat;93,852715;50;8;2;out;deuce;near;1,824219;-1,367188;out;deuce_alley;far;-4,328125;28,708591;0,974609;down the line;Out;false;07:45:30;
Rikard Rykkvin;1;second_serve;Serve;Flat;116,343445;50;8;2;short;deuce;near;1,635251;8,054243;deep;deuce;far;-0,147339;24,082928;2,335938;down the T;In;false;07:45:51;
Rasmus Kopperud Riis;2;second_return;Forehand;Topspin;63,29044;50;8;2;deep;deuce;far;-0,124713;18,472206;out;deuce;near;3,076172;-0,753467;1,007812;cross court;In;false;07:45:52;
Rikard Rykkvin;3;serve_plus_one;Forehand;Topspin;67,020561;50;8;2;short;deuce;near;1,888407;6,891015;deep;deuce;far;-1,535156;24,255466;1,285156;cross court;In;false;07:45:53;
Rasmus Kopperud Riis;4;return_plus_one;Forehand;Slice;62,724537;50;8;2;deep;deuce;far;-2,156807;23,751207;out;deuce;near;3,210938;-0,440967;0,810547;cross court;In;false;07:45:55;
Rikard Rykkvin;1;first_serve;Serve;Flat;82,358261;51;8;2;deep;deuce;near;2,288165;5,48083;deep;deuce;far;-0,668945;23,536716;2,447266;down the T;Out;false;07:47:04;
Rasmus Kopperud Riis;1;none;Backhand;Topspin;60,664524;51;8;2;deep;deuce;far;-1,840547;23,590193;out;deuce;near;3,035156;-1,050342;1,310547;inside out;In;false;07:47:06;
Rikard Rykkvin;1;second_serve;Serve;Flat;81,55909;51;8;2;short;deuce;near;3,186963;7,17067;deep;deuce;far;-0,677734;23,333591;2,357422;out wide;In;false;07:47:17;
Rasmus Kopperud Riis;2;second_return;Forehand;Topspin;84,351219;51;8;2;short;deuce;far;-3,786245;18,168171;out;deuce_alley;near;4,363281;-0,183155;1,144531;down the line;In;false;07:47:18;
Rikard Rykkvin;3;serve_plus_one;Forehand;Flat;54,555489;51;8;2;short;deuce;far;-0,785156;13,835004;out;deuce_out;far;-5,738281;25,771091;0,918457;down the line;Net;false;07:47:20;
Rikard Rykkvin;1;first_serve;Serve;Flat;88,679764;52;8;2;deep;ad;near;-1,084729;5,144851;deep;ad;far;1,198242;23,896091;2,503906;down the T;Out;false;07:47:44;
Rasmus Kopperud Riis;1;none;Forehand;Flat;61,432339;52;8;2;deep;ad;far;0,195185;22,022278;out;ad;near;-1,428711;-1,54253;1,264648;inside out;In;false;07:47:46;
Rikard Rykkvin;1;second_serve;Serve;Flat;89,292786;52;8;2;short;ad;near;-1,477516;8,536954;deep;ad;far;1,040039;24,036716;2,605469;down the T;In;false;07:47:54;
Rasmus Kopperud Riis;2;second_return;Forehand;Flat;93,855476;52;8;2;deep;ad;far;1,445468;23,76045;out;ad;near;-1,712891;-1,620655;0,919922;inside out;In;false;07:47:55;
Rikard Rykkvin;3;serve_plus_one;Backhand;Flat;72,223572;52;8;2;deep;ad;near;-0,323242;1,84375;out;ad;far;1,793945;24,474216;1,052734;cross court;In;false;07:47:57;
Rasmus Kopperud Riis;4;return_plus_one;Forehand;Topspin;98,258217;52;8;2;deep;deuce;far;-3,209925;20,075878;out;ad;near;-0,453613;-0,706592;1,212891;inside in;In;false;07:47:58;
Rikard Rykkvin;5;in_play;Forehand;Flat;76,385872;52;8;2;short;deuce;far;-1,236328;15,515625;out;deuce;far;-3,837891;27,036716;0,941406;cross court;Net;false;07:48:00;
Rasmus Kopperud Riis;0;none;Feed;Flat;30,662121;53;8;2;deep;ad;far;1,106445;22,875;short;deuce;near;1,867188;9,871532;0,536133;---;In;false;07:48:04;
Rikard Rykkvin;1;first_serve;Serve;Flat;94,982208;53;8;2;short;deuce;near;2,139515;7,809262;deep;deuce;far;-0,645996;22,489841;2,25;out wide;In;false;07:48:15;
Rasmus Kopperud Riis;2;first_return;Forehand;Flat;97,771561;53;8;2;deep;deuce_alley;far;-5,430948;23,707972;out;deuce;near;3,285156;-0,315967;1,212891;down the line;Out;false;07:48:16;
Rikard Rykkvin;1;first_serve;Serve;Slice;89,975891;54;8;2;short;ad;near;-4,107826;6,299774;deep;ad;far;1,15332;23,864841;2,605469;out wide;In;false;07:48:33;
Rasmus Kopperud Riis;2;first_return;Backhand;Topspin;88,401649;54;8;2;deep;ad;far;0,064378;23,770628;deep;ad_alley;near;-4,527344;0,168408;1,195312;down the line;In;false;07:48:34;
Rikard Rykkvin;3;serve_plus_one;Backhand;Flat;81,258392;54;8;2;short;ad;near;-2,488209;5,753404;out;ad;far;3,246094;25,021091;0,992676;cross court;In;false;07:48:35;
Rasmus Kopperud Riis;4;return_plus_one;Backhand;Topspin;95,608162;54;8;2;deep;deuce;far;-2,348295;23,737749;deep;ad;near;-3,585938;0,160595;0,722656;down the line;In;false;07:48:37;
Rikard Rykkvin;5;in_play;Forehand;Flat;55,562408;54;8;2;deep;ad;near;-0,299799;2,636551;deep;deuce;far;-2,021484;23,396091;0,91748;down the line;In;false;07:48:38;
Rasmus Kopperud Riis;6;in_play;Forehand;Topspin;94,198257;54;8;2;short;deuce;far;-2,464062;18,181223;out;ad;near;-0,170776;-1,769092;1,491211;inside in;In;false;07:48:40;
Rikard Rykkvin;7;in_play;Forehand;Flat;69,226219;54;8;2;deep;deuce;near;1,387695;3,515625;out;deuce;far;-3,060547;26,927341;0,708008;cross court;In;false;07:48:41;
Rasmus Kopperud Riis;8;in_play;Forehand;Topspin;99,178589;54;8;2;deep;ad;far;3,175018;21,089115;deep;deuce;near;1,754883;-0,034717;1,275391;down the line;In;false;07:48:43;
Rikard Rykkvin;1;first_serve;Serve;Slice;90,233383;55;8;2;short;deuce_alley;near;5,329319;6,509359;deep;deuce;far;-0,493408;23,067966;2,359375;out wide;Out;false;07:49:06;
Rikard Rykkvin;1;second_serve;Serve;Flat;98,220917;55;8;2;short;deuce;near;2,23709;7,804839;deep;deuce;far;-0,743652;23,896091;2,396484;out wide;In;false;07:49:13;
Rasmus Kopperud Riis;2;second_return;Forehand;Topspin;79,888611;55;8;2;deep;deuce;far;-3,182909;20,901091;out;deuce;near;3,884766;-0,19878;1,175781;cross court;In;false;07:49:14;
Rikard Rykkvin;3;serve_plus_one;Forehand;Topspin;55,841579;55;8;2;deep;deuce;near;4,092315;4,631958;out;deuce;far;-3,933594;25,771091;1,076172;cross court;In;false;07:49:16;
Rasmus Kopperud Riis;4;return_plus_one;Forehand;Flat;96,743317;55;8;2;deep;ad;far;0,374526;21,181753;deep;deuce;near;3,910156;0,816845;1,689453;down the line;In;false;07:49:18;
Rikard Rykkvin;5;in_play;Forehand;Topspin;44,545364;55;8;2;short;deuce;far;-0,363281;18,014088;deep;deuce;far;-0,168579;24,177341;1,27832;cross court;Net;false;07:49:19;
Rikard Rykkvin;1;first_serve;Serve;Flat;97,157967;56;9;2;short;ad;near;-1,842086;7,303881;deep;ad;far;1,304688;24,099216;2,625;down the T;In;false;07:49:38;
Rasmus Kopperud Riis;1;none;Forehand;Topspin;80,502167;56;9;2;deep;ad;far;1,09375;20,125;out;ad;near;-2,875;-1,26128;1,242188;inside out;In;false;07:49:39;
Rikard Rykkvin;2;none;Backhand;Flat;66,072662;56;9;2;short;ad;near;-2,40019;7,857857;out;ad;far;1,462891;24,864841;1,287109;cross court;In;false;07:49:41;
Rasmus Kopperud Riis;3;none;Backhand;Flat;115,60321;56;9;2;deep;ad;far;1,595396;23,433531;deep;ad;near;-3,652344;1,30122;0,487305;cross court;In;false;07:49:43;
Rikard Rykkvin;4;none;Backhand;Flat;75,695923;56;9;2;deep;ad;near;-3,193359;0,78125;deep;ad;far;1,902344;24,052341;0,783203;cross court;In;false;07:49:44;
Rasmus Kopperud Riis;5;none;Backhand;Flat;87,411621;56;9;2;deep;ad;far;3,191406;23,75;deep;ad;near;-3,544922;0,504345;1,037109;cross court;In;false;07:49:45;
Rikard Rykkvin;6;none;Volley;Flat;27,874657;56;9;2;deep;ad;far;2,875;22,15625;deep;ad;far;3,191406;24,396091;1,357422;cross court;Net;false;07:49:46;
Rikard Rykkvin;7;none;Backhand;Flat;64,392189;56;9;2;deep;ad;near;-2,144531;0,875;deep;ad;far;3,191406;24,396091;1,357422;cross court;In;false;07:49:47;
Rasmus Kopperud Riis;8;none;Backhand;Flat;54,744675;56;9;2;deep;ad;far;1,544923;22,048521;deep;ad;near;-2,353516;0,465283;0,805176;cross court;In;false;07:49:48;
Rikard Rykkvin;9;none;Forehand;Topspin;47,734463;56;9;2;short;deuce;far;-1,332031;12,953125;deep;ad;far;1,520508;23,989841;1,990234;inside in;Net;false;07:49:51;
Rasmus Kopperud Riis;1;first_serve;Serve;Flat;123,804459;56;9;2;short;deuce;near;3,9723;6,826077;deep;deuce;far;-0,364746;23,439278;2,283203;out wide;In;false;07:51:02;
Rikard Rykkvin;2;first_return;Forehand;Topspin;89,258537;56;9;2;deep;deuce;far;-2,801719;23,738735;deep;deuce_alley;near;4,382812;0,496533;1,241211;down the line;In;false;07:51:03;
Rasmus Kopperud Riis;3;serve_plus_one;Forehand;Flat;93,350418;56;9;2;deep;ad;near;-3,85918;3,765537;deep;deuce;far;-3,113281;23,583591;1,386719;down the line;In;false;07:51:04;
Rasmus Kopperud Riis;1;first_serve;Serve;Flat;99,491653;57;9;2;deep;ad;near;-3,637495;4,528899;deep;ad;far;0,391113;23,458591;2,490234;out wide;Out;false;07:51:20;
Rikard Rykkvin;2;first_return;Backhand;Flat;60,254105;57;9;2;short;deuce;near;1,606445;5,901061;out;ad;near;-3,345703;-1,128467;1,140625;down the line;Net;false;07:51:21;
Rikard Rykkvin;3;serve_plus_one;Forehand;Topspin;82,55291;57;9;2;deep;ad;far;2,188215;22,873325;out;ad;near;-3,478516;-0,69878;0,517578;inside out;In;false;07:51:29;
Rasmus Kopperud Riis;4;return_plus_one;Backhand;Flat;78,485329;57;9;2;deep;ad;near;-1,066147;2,684886;deep;ad;far;1,977539;23,271091;1,199219;cross court;In;false;07:51:31;
Rikard Rykkvin;5;in_play;Forehand;Topspin;56,844143;57;9;2;short;deuce;near;2,169922;5,842364;out;ad;near;-0,938965;-2,38628;1,071289;inside in;Net;false;07:51:32;
Rasmus Kopperud Riis;1;first_serve;Serve;Flat;191,995026;58;9;2;short;deuce;near;1,451698;6,459601;deep;deuce;far;-0,370605;24,072021;2,214844;down the T;In;false;07:51:49;
Rikard Rykkvin;2;first_return;Backhand;Topspin;61,528824;58;9;2;deep;deuce;far;-2,726562;21,28125;out;deuce;near;1,861328;-1,612842;1,276367;inside out;In;false;07:51:49;
Rasmus Kopperud Riis;1;first_serve;Serve;Flat;84,580437;59;9;2;short;ad;near;-1,270938;8,641985;deep;ad;far;0,382812;23,427341;2,474609;down the T;In;false;07:52:01;
Rikard Rykkvin;2;first_return;Forehand;Topspin;99,967789;59;9;2;deep;ad;far;2,004533;21,323471;out;ad;near;-1,22168;-1,487842;0,753418;inside out;In;false;07:52:03;
Rasmus Kopperud Riis;3;serve_plus_one;Backhand;Topspin;66,076218;59;9;2;short;deuce;near;1,984375;7,125;deep;ad;far;2,261719;23,880466;1,089844;down the line;In;false;07:52:04;
Rikard Rykkvin;4;return_plus_one;Volley;Flat;31,825441;59;9;2;short;ad;near;-0,351562;6,282881;short;deuce;near;1,984375;6,996532;0,404785;down the line;Net;false;07:52:05;
Rasmus Kopperud Riis;5;in_play;Forehand;Topspin;77,099663;59;9;2;out;ad;near;-3,958319;-1,663517;deep;deuce;far;-2,173828;23,849216;0,819336;down the line;Out;false;07:52:07;
Rikard Rykkvin;0;none;Feed;Topspin;40,418251;60;9;2;deep;deuce;far;-1,319181;19,172182;deep;ad;near;-1,942383;0,535595;0,880859;---;In;false;07:52:19;
Rasmus Kopperud Riis;1;first_serve;Serve;Flat;111,650223;60;9;2;short;deuce;near;3,255361;7,186471;deep;deuce;far;-0,465332;23,289427;2,224609;out wide;In;false;07:52:34;
Rikard Rykkvin;2;first_return;Forehand;Topspin;78,06797;60;9;2;deep;deuce;far;-1,457641;23,765474;out;deuce;near;4,027344;-0,35503;0,910156;cross court;In;false;07:52:35;
Rasmus Kopperud Riis;3;serve_plus_one;Forehand;Topspin;76,856911;60;9;2;deep;ad;near;-1,394258;4,887865;deep;deuce;far;-2,652344;23,239841;1,626953;down the line;In;false;07:52:37;
Rikard Rykkvin;4;return_plus_one;Backhand;Topspin;77,038971;60;9;2;out;ad;far;2,8902;26,504868;deep;ad;near;-1,015625;1,160595;1,265625;cross court;Out;false;07:52:38;
Rasmus Kopperud Riis;5;in_play;Backhand;Topspin;65,423988;60;9;2;short;deuce;near;0,476562;8,796875;out;ad;far;2,792969;25,052341;1,014648;down the line;In;false;07:52:40;
Rikard Rykkvin;6;in_play;Volley;Flat;34,843319;60;9;2;out;deuce;far;-0,028534;23,821247;short;deuce;near;0,476562;8,668407;1,019531;cross court;Out;false;07:52:41;
Rikard Rykkvin;0;none;Feed;Flat;38,41103;61;9;2;short;ad;far;1,040641;17,544428;short;ad;near;-0,19397;7,76997;0,862305;---;In;false;07:52:59;
Rasmus Kopperud Riis;1;first_serve;Serve;Flat;109,387939;61;9;2;short;ad;near;-4,036156;7,886926;deep;ad;far;0,529297;23,411716;2,396484;out wide;In;false;07:53:13;
Rikard Rykkvin;2;first_return;Backhand;Flat;57,950497;61;9;2;short;ad;near;-2,507812;6,561992;out;ad_alley;near;-4,417969;-0,933155;1,1875;down the line;Net;false;07:53:14;
Rikard Rykkvin;1;first_serve;Serve;Flat;118,675102;62;10;2;deep;deuce;far;-2,67092;20,947121;deep;deuce;near;0,746582;0,980908;2,433594;down the T;Out;false;07:53:51;
Rasmus Kopperud Riis;1;none;Forehand;Slice;55,284138;62;10;2;deep;ad;near;-3,038571;1,448655;deep;deuce;far;-3,146484;22,802341;1,591797;down the line;In;false;07:53:52;
Rikard Rykkvin;1;second_serve;Serve;Slice;96,406326;62;10;2;short;deuce;far;-2,434063;18,255161;deep;deuce;near;0,693359;0,465283;2,582031;out wide;In;false;07:54:00;
Rasmus Kopperud Riis;2;second_return;Forehand;Topspin;75,163902;62;10;2;deep;deuce;near;3,596525;1,472537;deep;deuce;far;-3,201172;23,614841;1,414062;cross court;In;false;07:54:02;
Rikard Rykkvin;3;serve_plus_one;Forehand;Topspin;65,238838;62;10;2;deep;ad;far;1,097189;23,766462;deep;deuce;near;3,714844;0,324658;1,048828;down the line;In;false;07:54:03;
Rasmus Kopperud Riis;4;return_plus_one;Backhand;Flat;76,82563;62;10;2;deep;ad_alley;near;-4,208569;3,02478;deep;ad;far;1,279297;23,849216;0,452148;down the line;Out;false;07:54:05;
Rikard Rykkvin;5;in_play;Backhand;Slice;54,367229;62;10;2;deep;deuce;far;-1,036893;21,784904;out;ad_alley;near;-4,496094;-0,66753;1,728516;down the line;In;false;07:54:06;
Rasmus Kopperud Riis;6;in_play;Forehand;Topspin;97,411911;62;10;2;deep;ad;near;-2,976922;4,294337;out;deuce;far;-0,621094;24,802341;0,748535;down the line;In;false;07:54:10;
Rikard Rykkvin;7;in_play;Backhand;Slice;40,268082;62;10;2;short;ad;near;-3,324219;7,175781;out;ad;near;-3,316406;-0,347217;1,198242;cross court;Net;false;07:54:11;
Rikard Rykkvin;1;first_serve;Serve;Slice;107,672127;63;10;2;short;ad;far;3,994781;18,20319;deep;ad;near;-1,411133;0,67622;2,294922;out wide;In;false;07:54:31;
Rasmus Kopperud Riis;2;first_return;Forehand;Flat;70,605301;63;10;2;short;deuce_alley;near;4,792091;6,045213;out;ad;far;1,609375;25,052341;1,222656;inside in;Out;false;07:54:32;
Rikard Rykkvin;1;first_serve;Serve;Slice;129,962036;64;10;2;deep;deuce;far;-1,724343;21,754068;deep;deuce;near;1,021484;0,871533;2,470703;down the T;Out;false;07:54:49;
Rasmus Kopperud Riis;2;first_return;Backhand;Topspin;72,83593;64;10;2;deep;ad;near;-1,93651;4,203125;deep;deuce;far;-2,082031;24,130466;1,365234;inside in;In;false;07:54:50;
Rikard Rykkvin;3;serve_plus_one;Forehand;Topspin;69,192329;64;10;2;deep;deuce;far;-1,620827;19,756247;out;deuce;near;0,501953;-0,151905;1,049805;cross court;In;false;07:54:52;
Rasmus Kopperud Riis;4;return_plus_one;Forehand;Flat;66,996948;64;10;2;short;deuce;far;-2,751953;12,867188;out;deuce;far;-2,134766;25,864841;1,212891;cross court;Net;false;07:54:54;
Rikard Rykkvin;1;first_serve;Serve;Slice;110,816284;65;10;2;short;ad;far;1,406203;17,73173;deep;ad;near;-1,796875;0,14497;2,386719;down the T;In;false;07:55:14;
Rasmus Kopperud Riis;2;first_return;Forehand;Topspin;72,188034;65;10;2;deep;ad;near;-0,891982;4,238038;out;ad;far;2,439453;25,552341;1,294922;inside out;In;false;07:55:15;
Rikard Rykkvin;3;serve_plus_one;Forehand;Topspin;80,057999;65;10;2;out;ad;far;3,937036;23,836826;out;ad;near;-1,15918;-2,151905;1,34375;inside out;Out;false;07:55:17;
Rasmus Kopperud Riis;4;return_plus_one;Backhand;Flat;71,504387;65;10;2;short;ad;near;-0,299841;7,577993;out;ad;far;2,888672;24,880466;0,766113;cross court;In;false;07:55:18;
Rikard Rykkvin;1;first_serve;Serve;Flat;56,681919;66;10;2;short;ad;near;-0,841309;6,533144;deep;deuce;near;1,084961;1,23872;2,316406;down the T;Net;false;07:55:30;
Rikard Rykkvin;1;second_serve;Serve;Slice;89,848396;66;10;2;short;deuce;far;-1,078278;18,266211;deep;deuce;near;1,003906;0,809033;2,470703;down the T;In;false;07:55:37;
Rasmus Kopperud Riis;2;second_return;Backhand;Flat;48,832081;66;10;2;short;ad_out;near;-6,127718;6,511719;deep;deuce;far;-1,922852;24,396091;1,34668;inside in;Out;false;07:55:38;
Rikard Rykkvin;1;first_serve;Serve;Flat;90,043694;67;10;2;deep;ad;far;2,28125;18,306482;deep;ad;near;-1,517578;0,277783;2,330078;down the T;Out;false;07:56:06;
Rasmus Kopperud Riis;1;none;Forehand;Slice;42,159737;67;10;2;short;deuce;near;1,702148;10,671875;deep;ad;far;2,753906;24,239841;1,207031;inside in;In;false;07:56:07;
Rikard Rykkvin;1;second_serve;Serve;Slice;86,146866;67;10;2;short;ad;far;1,159363;17,81674;deep;ad;near;-1,46875;0,42622;2,367188;down the T;In;false;07:56:13;
Rasmus Kopperud Riis;2;second_return;Forehand;Topspin;94,662674;67;10;2;deep;ad;near;-0,473999;4,951066;out;ad;far;1,725586;24,927341;1,198242;inside out;In;false;07:56:14;
Rikard Rykkvin;3;serve_plus_one;Forehand;Topspin;97,287056;67;10;2;deep;ad;far;1,356445;19,6875;out;ad;near;-1,025391;-0,91753;1,158203;inside out;In;false;07:56:16;
Rasmus Kopperud Riis;4;return_plus_one;Backhand;Flat;110,3162;67;10;2;short;ad;far;1,475586;16,40625;deep;ad;far;2,482422;24,036716;1,142578;cross court;Net;false;07:56:17;
Rasmus Kopperud Riis;1;first_serve;Serve;Slice;120,736816;68;11;2;deep;deuce_alley;far;-4,124291;21,48698;deep;deuce;near;1,050781;0,39497;2,482422;out wide;Out;false;07:57:38;
Rikard Rykkvin;2;first_return;Forehand;Topspin;58,440872;68;11;2;short;deuce;near;2,194823;8,034644;out;deuce_alley;far;-5,28125;25,489841;1,09082;down the line;In;false;07:57:39;
Rasmus Kopperud Riis;3;serve_plus_one;Forehand;Flat;119,595482;68;11;2;deep;ad;far;3,854527;22,765348;deep;deuce;near;4,101562;1,293408;1,333984;down the line;In;false;07:57:41;
Rikard Rykkvin;4;return_plus_one;Backhand;Slice;39,298164;68;11;2;short;ad;far;1,964844;18,28125;out;ad;far;2,554688;24,646091;1,100586;cross court;Net;false;07:57:42;
Rasmus Kopperud Riis;1;first_serve;Serve;Slice;118,596245;69;11;2;short;ad;far;1,591024;18,244848;deep;ad;near;0,076782;0,212986;2,337891;down the T;In;false;07:58:01;
Rikard Rykkvin;2;first_return;Forehand;Topspin;69,360817;69;11;2;deep;deuce;near;3,011091;0,880235;out;ad;far;1,930664;26,286716;1,37207;inside in;In;false;07:58:03;
Rasmus Kopperud Riis;3;serve_plus_one;Forehand;Flat;74,209068;69;11;2;short;deuce_alley;far;-5,260658;16,500582;out;deuce;near;2,955078;-1,722217;1,265625;down the line;Out;false;07:58:04;
Rikard Rykkvin;0;none;Feed;Topspin;39,024517;70;11;2;deep;ad;near;-1,618164;4,960938;out;deuce_alley;far;-4,464844;24,802341;1,113281;---;In;false;07:58:08;
Rasmus Kopperud Riis;1;first_serve;Serve;Slice;166,690445;70;11;2;short;deuce;far;-2,501953;15,773438;deep;deuce;near;0,833984;0,637158;2,408203;out wide;In;false;07:58:18;
Rikard Rykkvin;2;first_return;Forehand;Topspin;72,305008;70;11;2;short;deuce;far;-0,912598;17,49152;out;deuce_alley;far;-4,636719;25,052341;1,216797;down the line;Net;false;07:58:19;
Rasmus Kopperud Riis;1;first_serve;Serve;Flat;91,775711;71;11;2;short;ad;far;0,526811;15,834841;deep;ad;near;-0,447998;1,17622;2,390625;down the T;In;false;07:58:32;
Rikard Rykkvin;2;first_return;Forehand;Flat;69,664597;71;11;2;deep;ad;near;-3,132884;2,465898;out;ad;far;0,568848;25,208591;1,207031;inside out;In;false;07:58:34;
Rasmus Kopperud Riis;3;serve_plus_one;Backhand;Topspin;89,087059;71;11;2;deep;deuce;far;-3,920555;23,590193;out;ad;near;-2,003906;-1,26128;0,90332;down the line;In;false;07:58:35;
Rikard Rykkvin;4;return_plus_one;Forehand;Flat;93,792549;71;11;2;deep;ad;near;-1,129391;4,893098;out;deuce;far;-3,472656;25,505466;1,039062;down the line;In;false;07:58:37;
Rasmus Kopperud Riis;5;in_play;Forehand;Topspin;90,697144;71;11;2;short;ad;far;0,961426;16,866127;out;ad;near;-0,416748;-2,35503;1,185547;inside out;In;false;07:58:38;
Rikard Rykkvin;6;in_play;Backhand;Flat;68,831474;71;11;2;deep;deuce;near;0,172757;1,003832;deep;ad;far;1,560547;24,239841;1,150391;down the line;In;false;07:58:40;
Rasmus Kopperud Riis;7;in_play;Forehand;Topspin;81,592751;71;11;2;short;deuce;far;-1,339285;18,256939;out;ad;near;-0,222778;-1,753467;1,455078;inside in;In;false;07:58:41;
Rikard Rykkvin;8;in_play;Forehand;Flat;92,889732;71;11;2;deep;ad;near;-1,299334;0,724811;deep;deuce;far;-1,107422;23,771091;1,047852;down the line;In;false;07:58:43;
Rasmus Kopperud Riis;9;in_play;Backhand;Flat;99,903175;71;11;2;short;deuce;far;-1,179688;16,109375;out;ad;near;-1,451172;-2,347217;1,078125;down the line;In;false;07:58:44;
Rikard Rykkvin;10;in_play;Volley;Flat;37,630787;71;11;2;deep;deuce;near;0,78826;3,212786;short;deuce;far;-1,179688;16,755466;1,929688;cross court;In;false;07:58:45;
Rasmus Kopperud Riis;11;in_play;Forehand;Topspin;51,577045;71;11;2;short;deuce;near;2,626953;11,476562;deep;deuce;near;1,098633;0,199658;0,959961;cross court;Net;false;07:58:46;
Rasmus Kopperud Riis;1;first_serve;Serve;Slice;123,989296;72;11;2;deep;deuce;far;-2,956071;18,936693;deep;deuce;near;0,927734;0,385712;2,382812;out wide;Out;false;07:59:07;
Rikard Rykkvin;2;first_return;Forehand;Topspin;46,934006;72;11;2;short;deuce;near;2,819755;11,448866;out;deuce_alley;far;-4,683594;25,630466;0,900391;down the line;In;false;07:59:08;
Rasmus Kopperud Riis;3;serve_plus_one;Forehand;Flat;102,541458;72;11;2;deep;ad_alley;far;5,423082;23,732407;deep;deuce;near;4,105469;1,89497;0,799805;down the line;Out;false;07:59:11;
Rikard Rykkvin;4;return_plus_one;Backhand;Flat;100,348763;72;11;2;deep;ad;far;2,736328;20,5;out;ad;far;3,082031;26,489841;1,730469;cross court;Net;false;07:59:12;
Rasmus Kopperud Riis;1;first_serve;Serve;Flat;100,801529;73;11;2;short;ad;far;1,046198;18,27857;deep;ad;near;-0,145752;0,309327;2,335938;down the T;In;false;07:59:24;
Rikard Rykkvin;2;first_return;Forehand;Topspin;60,930595;73;11;2;short;ad;far;1,166016;18,215555;out;ad;far;1,231445;24,911716;0,905273;inside out;Net;false;07:59:26;
Rikard Rykkvin;1;first_serve;Serve;Flat;160,899658;74;11;2;short;deuce;near;0,885904;6,82162;deep;deuce;far;-0,721191;23,075907;2,076172;down the T;In;false;07:59:29;
Rasmus Kopperud Riis;1;first_serve;Serve;Slice;81,842972;74;11;2;deep;deuce;far;-2,654297;18,313395;deep;deuce;near;0,940918;0,559033;2,525391;out wide;Out;false;07:59:46;
Rikard Rykkvin;2;none;Forehand;Topspin;50,353138;74;11;2;short;deuce;far;-3,037109;12,210938;out;deuce;far;-3,714844;24,521091;1,095703;cross court;Net;false;07:59:47;
Rasmus Kopperud Riis;1;first_serve;Serve;Slice;79,898911;74;11;2;short;deuce;far;-3,732492;18,234118;deep;deuce;near;0,883789;0,45747;2,505859;out wide;In;false;07:59:52;
Rasmus Kopperud Riis;1;second_serve;Serve;Flat;93,572861;74;11;2;short;deuce;far;-3,925718;18,261843;deep;deuce;near;0,693359;1,355908;2,511719;out wide;In;false;08:00:08;
Rikard Rykkvin;2;second_return;Forehand;Slice;70,478836;74;11;2;short;deuce;near;0,53744;7,118048;out;deuce_alley;far;-4,414062;26,208591;0,697266;down the line;In;false;08:00:09;
Rasmus Kopperud Riis;3;serve_plus_one;Forehand;Topspin;93,106125;74;11;2;deep;ad;far;2,260665;23,701097;out;deuce;near;2,210938;-0,831592;0,726562;down the line;In;false;08:00:11;
Rikard Rykkvin;4;return_plus_one;Backhand;Topspin;66,178131;74;11;2;short;ad;near;-0,992543;7,687471;out;ad;far;1,949219;25,396091;0,911133;cross court;In;false;08:00:12;
Rasmus Kopperud Riis;5;in_play;Backhand;Topspin;84,823059;74;11;2;deep;ad;far;2,850457;23,74246;deep;ad;near;-1,950195;0,61372;0,718262;cross court;In;false;08:00:14;
Rikard Rykkvin;6;in_play;Backhand;Flat;90,379211;74;11;2;short;ad;near;-2,091918;7,901754;out;ad;far;2,962891;24,677341;0,947754;cross court;In;false;08:00:16;
Rasmus Kopperud Riis;7;in_play;Backhand;Flat;79,403831;74;11;2;deep;deuce;far;-0,092103;23,174223;deep;ad;near;-3,646484;0,223095;0,586426;down the line;In;false;08:00:17;
Rikard Rykkvin;8;in_play;Forehand;Topspin;85,304443;74;11;2;short;ad;near;-0,881686;7,656359;out;deuce;far;-0,316162;24,989841;1,439453;down the line;In;false;08:00:19;
Rasmus Kopperud Riis;9;in_play;Forehand;Flat;65,340996;74;11;2;deep;ad;far;1,552453;20,286627;out;ad;near;-1,259766;-0,54253;0,574707;inside out;In;false;08:00:20;
Rikard Rykkvin;10;in_play;Backhand;Flat;74,206734;74;11;2;deep;ad;near;-2,678912;4,388673;out;ad;far;1,967773;24,864841;1,605469;cross court;In;false;08:00:22;
Rasmus Kopperud Riis;11;in_play;Backhand;Flat;84,457741;74;11;2;short;deuce;far;-1,879164;18,2533;out;ad;near;-3,162109;-1,378467;1,12793;down the line;In;false;08:00:24;
Rikard Rykkvin;12;in_play;Forehand;Flat;74,336685;74;11;2;short;deuce;near;1,936181;7,608524;deep;deuce;far;-1,061523;22,771091;1,6875;cross court;In;false;08:00:25;
Rasmus Kopperud Riis;13;in_play;Forehand;Flat;47,390495;74;11;2;short;ad;near;-1,984375;5,721681;deep;deuce;near;2,869141;1,340283;0,933594;down the line;Net;false;08:00:27;
Rikard Rykkvin;0;none;Feed;Slice;36,237053;75;11;2;out;deuce;near;0,289551;-1,700886;short;ad;far;0,937012;17,583591;0,701172;---;Out;false;08:00:35;
Rasmus Kopperud Riis;1;first_serve;Serve;Flat;122,709961;75;11;2;short;ad;far;1,888993;18,166346;deep;ad;near;-0,296143;0,668408;2,324219;down the T;In;false;08:00:50;
Rikard Rykkvin;2;first_return;Forehand;Topspin;70,424614;75;11;2;deep;ad;near;-0,751517;1,309128;out;ad;far;2,761719;25,427341;0,995605;inside out;In;false;08:00:51;
Rasmus Kopperud Riis;3;serve_plus_one;Forehand;Topspin;77,989166;75;11;2;short;deuce;far;-2,553275;16,77;out;ad;near;-0,834473;-2,237842;1,351562;inside in;In;false;08:00:53;
Rikard Rykkvin;4;return_plus_one;Forehand;Flat;80,581444;75;11;2;deep;deuce;near;1,266154;1,619344;out;deuce;far;-3,119141;26,005466;0,80957;cross court;In;false;08:00:55;
Rasmus Kopperud Riis;5;in_play;Forehand;Flat;94,204636;75;11;2;deep;ad;far;0,959473;23,1875;out;deuce;near;1,319336;-0,909717;1,613281;down the line;In;false;08:00:56;
Rikard Rykkvin;6;in_play;Volley;Flat;27,874657;75;11;2;deep;ad;near;-3,712752;2,490462;deep;ad;far;0,959473;23,833591;0,496826;cross court;In;false;08:00:57;
Rasmus Kopperud Riis;7;in_play;Backhand;Flat;98,073128;75;11;2;short;ad;far;0,644793;16,897764;out;ad;near;-2,904297;-1,565967;1,507812;cross court;In;false;08:01:00;
Rikard Rykkvin;8;in_play;Backhand;Slice;47,563141;75;11;2;short;ad;far;0,95752;17,873339;deep;ad;far;2,271484;24,083591;0,974609;cross court;Net;false;08:01:01;
Rikard Rykkvin;0;none;Feed;Flat;40,418251;76;11;2;short;deuce;near;0,368164;7,804688;short;deuce;far;-0,767578;17,771091;2,025391;---;In;false;08:01:07;
Rasmus Kopperud Riis;1;first_serve;Serve;Slice;89,707336;76;11;2;short;deuce;far;-2,068359;17,0625;deep;deuce;near;1,03125;0,590283;2,470703;down the T;In;false;08:01:20;
Rikard Rykkvin;2;first_return;Forehand;Topspin;46,12978;76;11;2;short;deuce;far;-0,538086;12,578125;out;deuce;far;-3,736328;24,614841;1,085938;cross court;Net;false;08:01:21;
Rasmus Kopperud Riis;1;first_serve;Serve;Flat;54,373837;77;11;2;short;deuce;near;2,136719;11,164062;deep;ad;near;0,268555;0,324658;2,455078;out wide;Net;false;08:01:33;
Rasmus Kopperud Riis;1;second_serve;Serve;Flat;49,196873;77;11;2;short;deuce;near;1,416992;11,320312;deep;ad;near;-0,51709;0,70747;2,421875;down the T;Net;false;08:01:40;
Rasmus Kopperud Riis;1;first_serve;Serve;Slice;56,931023;78;11;2;short;deuce;far;-2,168384;18,279572;deep;deuce;near;1,09375;0,543408;2,412109;down the T;In;false;08:02:06;
Rasmus Kopperud Riis;1;second_serve;Serve;Flat;118,900024;78;11;2;short;deuce;far;-1,169717;18,227434;deep;deuce;near;0,682617;0,186203;2,511719;down the T;In;false;08:02:13;
Rikard Rykkvin;2;second_return;Backhand;Flat;71,300117;78;11;2;deep;ad;near;-2,933594;1,734375;out;deuce;far;-1,736328;25,833591;0,96875;inside in;In;false;08:02:14;
Rasmus Kopperud Riis;3;serve_plus_one;Backhand;Flat;91,938316;78;11;2;deep;ad;far;0,262475;21,478266;out;ad;near;-2,972656;-1,01128;1,188477;cross court;In;false;08:02:16;
Rikard Rykkvin;4;return_plus_one;Backhand;Flat;67,730392;78;11;2;deep;ad;near;-1,492872;2,960833;deep;ad;far;1,084961;23,458591;0,990234;cross court;In;false;08:02:17;
Rasmus Kopperud Riis;5;in_play;Forehand;Flat;112,641739;78;11;2;deep;ad;far;1,943952;22,556654;out;ad;near;-1,454102;-1,378467;1,211914;inside out;In;false;08:02:19;
Rikard Rykkvin;6;in_play;Backhand;Topspin;82,16449;78;11;2;deep;deuce;near;2,473573;3,723799;deep;ad;far;2,580078;24,114841;1,431641;down the line;In;false;08:02:20;
Rasmus Kopperud Riis;7;in_play;Forehand;Topspin;86,10244;78;11;2;deep;deuce;far;-0,901249;22,885368;out;deuce;near;2,046875;-1,683155;0,92041;cross court;In;false;08:02:21;
Rikard Rykkvin;8;in_play;Forehand;Topspin;83,434677;78;11;2;short;deuce;near;1,666745;7,117781;out;deuce;far;-1,584961;24,505466;1,126953;cross court;In;false;08:02:23;
Rasmus Kopperud Riis;9;in_play;Forehand;Topspin;96,009048;78;11;2;deep;ad;far;1,930959;19,170572;out;deuce;near;2,830078;-1,206592;0,632812;down the line;In;false;08:02:25;
Rikard Rykkvin;10;in_play;Backhand;Flat;84,604958;78;11;2;deep;ad;near;-2,502683;4,035025;out;ad;far;1,560547;24,599216;1,082031;cross court;In;false;08:02:26;
Rasmus Kopperud Riis;11;in_play;Backhand;Flat;84,667221;78;11;2;deep;deuce;far;-0,650439;23,117519;out;ad;near;-3,193359;-0,362842;1,019531;down the line;In;false;08:02:27;
Rikard Rykkvin;12;in_play;Forehand;Topspin;90,740753;78;11;2;deep;ad;near;-0,941195;2,485101;out;deuce;far;-0,619629;24,958591;0,82959;down the line;In;false;08:02:29;
Rasmus Kopperud Riis;13;in_play;Forehand;Flat;85,344795;78;11;2;deep;deuce;far;-0,527047;20,409414;out;ad;near;-1,125;-1,964405;0,935547;inside in;In;false;08:02:30;
Rikard Rykkvin;14;in_play;Forehand;Topspin;65,264717;78;11;2;deep;ad;near;-3,372586;5,018719;out;deuce;far;-0,312744;25,224216;1,193359;down the line;In;false;08:02:31;
Rasmus Kopperud Riis;15;in_play;Backhand;Flat;87,780418;78;11;2;deep;ad;far;4,022417;23,755278;out;ad;near;-2,71875;-1,425342;1,162109;cross court;In;false;08:02:33;
Rikard Rykkvin;16;in_play;Backhand;Flat;44,984135;78;11;2;short;deuce_alley;far;-5,375157;15,650558;out;ad;far;3,34375;25,208591;1,542969;down the line;Net;false;08:02:35;
Rasmus Kopperud Riis;1;first_serve;Serve;Slice;113,817558;79;11;2;short;ad;far;2,666997;18,284664;deep;ad;near;-0,256592;0,142074;2,318359;out wide;In;false;08:02:47;
Rikard Rykkvin;2;first_return;Backhand;Flat;65,142471;79;11;2;deep;deuce_alley;near;5,413097;1,055023;deep;ad;far;3,369141;24,349216;1,085938;down the line;Out;false;08:02:48;
Rasmus Kopperud Riis;0;none;Feed;Flat;40,418251;80;12;2;short;deuce;far;-2,466567;18,219408;deep;ad;near;-0,998047;2,090367;0,733398;---;In;false;08:03:06;
Rikard Rykkvin;1;first_serve;Serve;Flat;52,397411;80;12;2;short;ad;far;3,304688;12,539062;deep;deuce;far;-0,569824;22,739841;2,257812;out wide;Net;false;08:03:18;
Rikard Rykkvin;1;second_serve;Serve;Slice;92,762596;80;12;2;short;deuce;near;2,106335;7,591299;deep;deuce;far;-0,749023;23,661716;2,322266;out wide;In;false;08:03:51;
Rasmus Kopperud Riis;2;second_return;Forehand;Flat;90,358543;80;12;2;deep;deuce;far;-1,245117;23,758974;out;deuce;near;3,552734;-0,38628;1,206055;cross court;In;false;08:03:52;
Rikard Rykkvin;3;serve_plus_one;Forehand;Topspin;55,374165;80;12;2;deep;deuce;near;3,726228;3,780069;out;deuce;far;-1,608398;24,927341;0,600098;cross court;In;false;08:03:54;
Rasmus Kopperud Riis;4;return_plus_one;Forehand;Flat;79,443108;80;12;2;short;deuce;far;-0,456308;16,139879;deep;deuce;near;2,910156;0,340283;2,056641;cross court;In;false;08:03:56;
Rikard Rykkvin;5;in_play;Forehand;Topspin;49,26664;80;12;2;short;deuce_out;near;8,542546;9,64967;out;deuce;far;-1,800781;26,239841;0,561035;down the line;Out;false;08:03:57;
Rasmus Kopperud Riis;0;none;Feed;Flat;40,418251;81;12;2;short;ad;far;1,984375;13,960938;deep;deuce;near;3,792969;4,781689;1,283203;---;In;false;08:04:03;
Rikard Rykkvin;1;first_serve;Serve;Flat;77,39016;81;12;2;short;deuce;far;-1,121094;12,585938;deep;ad;far;1,007812;23,817966;2,585938;down the T;Net;false;08:04:25;
Rikard Rykkvin;1;second_serve;Serve;Flat;69,839005;81;12;2;short;ad;near;-2,578717;7,416305;deep;ad;far;0,660156;23,224216;2,316406;out wide;In;false;08:04:31;
Rasmus Kopperud Riis;2;second_return;Forehand;Topspin;74,801399;81;12;2;short;ad;far;1,995443;18,285097;out;ad;near;-2,212891;-1,32378;1,050781;inside out;In;false;08:04:33;
Rikard Rykkvin;3;serve_plus_one;Backhand;Flat;84,413452;81;12;2;deep;ad;near;-4,087074;2,962665;out;ad;far;3,148438;24,864841;0,63916;cross court;In;false;08:04:35;
Rasmus Kopperud Riis;4;return_plus_one;Backhand;Topspin;85,738327;81;12;2;deep;deuce;far;-1,657227;19,390625;deep;ad;near;-3,583984;0,61372;0,97168;down the line;In;false;08:04:36;
Rikard Rykkvin;1;first_serve;Serve;Flat;70,648582;82;12;2;short;ad;far;1,485352;12,53125;deep;deuce;far;-0,311523;23,494743;2,304688;out wide;Net;false;08:04:53;
Rikard Rykkvin;1;first_serve;Serve;Flat;70,335289;82;12;2;short;ad;far;1,533203;17,446228;deep;deuce;far;-0,311768;23,97578;2,21875;out wide;Net;false;08:05:02;
Rikard Rykkvin;1;second_serve;Serve;Flat;49,27058;82;12;2;short;ad;far;0,762695;12,539062;deep;deuce;far;-0,911133;23,458591;2,318359;down the T;Net;false;08:05:06;
Rikard Rykkvin;1;first_serve;Serve;Flat;58,369934;83;12;2;short;ad;near;-2,281603;11,528811;deep;ad;far;1,293945;23,989841;2,566406;out wide;In;false;08:05:22;
Rasmus Kopperud Riis;2;first_return;Forehand;Flat;95,396881;83;12;2;deep;ad;far;3,495615;22,087168;out;ad;near;-3,337891;-0,51128;0,846191;inside out;In;false;08:05:24;
Rikard Rykkvin;3;serve_plus_one;Backhand;Flat;59,299831;83;12;2;short;ad;far;0,624512;12,507812;out;ad;far;3,916016;24,989841;1,177734;cross court;Net;false;08:05:25;